"concat('it001', username)",n_assignments,n_problems,pre_score,coefficient,n_languages,is_final,n_failed,mean(avg_time),max(avg_time),mean(avg_mem),max(avg_mem),mean(max_time),max(max_time),mean(max_mem),max(max_mem),n_code_runnable,n_compile_error,n_syntax_error,n_pending,QT
00b6dd4fc7eb817e03708c532016ef30ce564a61,7,46,5504.149659863946,100.0,1,46,484,0.009621311039678388,0.5107692307692309,46.41275821683985,1818.6666666666667,0.025034013605442176,0.94,128.16326530612244,2768.0,119,28,0,0,7.5
00bef8afee8f3c595d535c9c03c490cac1a4f021,9,78,5488.552123552124,100.0,1,78,555,0.009391673963102535,0.6061538461538463,152.77425277425277,1984.0,0.01714285714285714,1.02,201.6988416988417,2644.0,209,50,0,0,7.0
01122b3ef7e59b84189e65985305f575d6bdf83c,7,66,5973.753846153846,100.0,1,67,965,0.017642200854700855,0.524,176.74589743589743,10200.0,0.05271794871794872,0.55,389.12820512820514,10200.0,175,20,0,0,9.0
0134f9f410c65ad0e8c2254a7e9288670e02a183,4,47,5952.76,100.0,1,47,174,0.005910000000000001,0.534,23.808000000000003,1984.0,0.011200000000000002,0.55,59.52,1984.0,76,24,0,0,
013de369c439ab0ead8aa7da64423aa395a8be39,8,52,6474.448598130841,97.19626168224299,1,66,260,0.031731916059018865,0.8035714285714285,186.57170892724264,1785.6,0.06476635514018692,1.06,259.58878504672896,1984.0,94,13,0,0,10.0
014c59c6433fd764a0b08de6ffeb757eaf60aa73,9,90,5240.025125628141,100.0,1,90,528,0.0,0.0,30.906532663316582,1984.0,0.0,0.0,39.879396984924625,1984.0,154,45,0,0,9.0
0155f91fe242fe55e1af631b0f0afbe9938b185c,8,46,4673.3575418994415,99.44134078212291,1,60,558,0.006731843575418995,0.47400000000000003,42.118435754189946,1785.6,0.00893854748603352,0.54,66.50279329608938,1984.0,138,41,0,0,9.0
016f87a7bd87f233a8633fba8a1ca7ef5c3c63c1,10,78,4876.054945054945,100.0,1,77,1402,0.01693491627420199,0.41885714285714293,201.31425954997383,10044.0,0.043653846153846154,1.05,258.85714285714283,10044.0,306,58,0,0,8.0
017ec1bbad0d598e5a86ac3bd595b870b6456e61,11,91,6333.536697247707,100.0,1,91,523,0.005218217562254259,0.8057142857142857,65.58820445609436,3813.2,0.018256880733944957,1.04,195.3577981651376,6444.0,192,26,0,0,8.0
01ad03ec301749c033155fc17e657cc767d447c8,12,72,5182.265682656826,100.0,1,74,905,0.013425254252542526,0.52,75.42171936005074,2128.0,0.04734317343173432,0.6,220.61992619926198,10044.0,218,53,0,0,7.0
020ef1c31cb4751bbfa1a88fba782db3c402e2fa,7,62,6714.891428571428,100.0,1,75,395,0.008564981684981685,0.6065384615384615,29.709128205128206,1297.2307692307693,0.03697142857142857,0.99,136.0457142857143,1984.0,149,26,0,0,9.0
020f253c343856ea875e959023e79fb1d4d9c0a3,1,2,5619.0,100.0,1,2,39,0.009714285714285715,0.029142857142857144,477.8666666666666,1433.6,0.02666666666666667,0.08,881.3333333333334,2644.0,3,0,0,0,10.0
0248e16d134e1bd5b4352701e1f23b904b7c4cdf,8,50,5748.398058252427,100.0,1,51,1059,0.026750900932939765,0.5653846153846154,116.61794041988216,2184.0,0.06747572815533981,0.94,279.7281553398058,2644.0,183,23,0,0,8.0
024af5e4f76c23e7f08616c60e595453e538a1ba,8,90,5460.038461538462,100.0,1,90,680,0.01071896918870603,0.3778947368421053,127.571016352069,2242.5263157894738,0.031384615384615386,1.04,346.46153846153845,10044.0,208,52,0,0,9.5
0297fd76b36e100882756e636bb03031255f57da,6,48,5892.172794117647,100.0,1,49,1223,0.04046958046038929,0.5688461538461539,209.88103856927387,2008.8,0.10080882352941177,0.95,541.9117647058823,10044.0,249,23,0,0,9.0
02c88d535d7393d30ce3338174d0a17ee7e8b8cc,5,71,6998.463276836158,100.0,1,71,455,0.00464030131826742,0.4109999999999999,82.22297551789076,10044.0,0.006158192090395481,0.54,147.11864406779662,10044.0,165,12,0,0,9.0
02f8a629f1a01a476de3944da2860d1c107f1b28,16,104,4195.25376344086,100.0,1,105,1972,0.022694239631336405,0.8078571428571426,142.75808548742336,10044.0,0.044731182795698925,1.05,269.21290322580643,10044.0,371,94,0,0,6.5
0304aa9c12a1c900dcb4413c6a4ce40cc05b1696,5,59,7260.641379310345,100.0,1,59,355,0.006018390804597701,0.4433333333333333,36.48735632183907,1984.0,0.008068965517241379,0.61,41.04827586206896,1984.0,134,11,0,0,9.5
0306a80129ed6d5afadece8164929697bbbdea69,7,17,1907.8947368421052,100.0,1,17,48,0.013815789473684212,0.53,365.8421052631579,1988.0,0.013815789473684212,0.53,365.8421052631579,1988.0,67,9,0,0,9.0
0341249377940c004d0823408ace7cddbddbc923,11,71,5634.343537414966,100.0,2,84,1374,0.010526762699381747,0.5239999999999999,978.6939570822224,18261.75,0.026258503401360548,0.55,1595.469387755102,44952.0,259,35,0,0,10.0
035f97702f2c01d26ab1fae8f39ea2f98a0caa3c,4,50,5035.763888888889,100.0,1,50,385,0.0,0.0,8.266666666666667,396.8,0.0,0.0,41.333333333333336,1984.0,103,41,0,0,
0367f82909c46a900501cc32d02b913923f75314,1,3,4153.166666666667,100.0,1,3,145,0.11704405243878928,0.5707692307692308,1183.992673992674,2990.769230769231,0.18666666666666668,0.95,2985.0,5268.0,12,0,0,0,10.0
038dfa39ea11eb199e32e61fa4bd264d6d7ebc72,5,53,4438.235294117647,100.0,1,53,748,0.015799999999999998,0.526,77.80392156862744,1984.0,0.019470588235294118,0.59,128.3764705882353,1984.0,133,37,0,0,10.0
041dc9a457bc7a9f1dcb5b215aaa78a6868483f5,7,21,6285.714285714285,100.0,1,21,11,0.0,0.0,0.0,0.0,0.0,0.0,0.0,0.0,33,2,0,0,9.0
045792bbf5167d31c0064c8520d189a09f276502,5,71,5104.415887850468,100.0,1,71,615,0.014663551401869158,0.5240000000000001,55.626168224299064,1984.0,0.015093457943925236,0.54,55.626168224299064,1984.0,170,44,0,0,9.0
04d32bf7b10a238244d3e1acc3bcf53a449daf99,8,103,5427.372839506173,100.0,1,107,1727,0.05604214620121052,0.6069230769230769,370.8255017410573,10044.0,0.0991358024691358,0.95,544.0888888888888,10044.0,341,64,0,0,7.0
04fea422f4b51279771239f896f7acb7224a2def,5,110,5468.86475409836,100.0,1,109,500,0.0026188524590163935,0.469,54.40327868852459,1984.0,0.00680327868852459,0.54,74.0,2184.0,181,63,0,0,9.0
04feabadb3e2d863eded075f541be8ff78d50474,12,81,6581.517587939698,100.0,1,82,312,0.006486599664991624,0.454,596.1561139028476,20027.0,0.01527638190954774,0.56,2456.8040201005024,80108.0,174,25,0,0,7.5
052039d5c5915699359b1d549b36ea69330c0ac3,7,38,4173.405063291139,91.13924050632912,1,47,391,0.0011482820976491863,0.032,163.01772151898734,5250.742857142857,0.002658227848101266,0.09,272.0506329113924,9676.0,102,56,0,0,9.0
05203b8a827f60a7cbb49a7d04a0b45dae39fa8d,11,113,4443.607758620689,100.0,1,115,2876,0.026881983916466675,1.027,196.95410298513747,1984.0,0.06616379310344828,1.06,604.8103448275862,10044.0,554,142,0,0,10.0
05218d5a6d67f5c1d6305dffb907e940260304c1,6,104,5878.583090379008,100.0,1,108,939,0.006217687074829932,0.31500000000000006,136.27949465500487,10044.0,0.03107871720116618,0.55,284.8746355685131,10044.0,296,47,0,0,9.0
0538762f44e8dfb07dc26c8c771f06080b9b2dee,6,41,5089.925,100.0,1,44,477,0.01687967032967033,0.6003846153846154,56.522075702075696,1785.6,0.025583333333333333,0.94,126.96666666666667,5316.0,103,17,0,0,8.0
056711f171807d5b28f83e7afeb3d7e18ec3a5d9,7,30,4501.177215189873,100.0,1,45,579,0.0003892405063291139,0.009999999999999998,171.57805907172994,2128.0,0.0006329113924050633,0.03,208.20253164556962,2128.0,139,19,0,0,10.0
0577e3c1b0a6df46c7fef07f400b42811cc77250,11,107,5342.047846889952,100.0,1,107,1745,0.030383412744814157,0.6065384615384615,276.07146173309604,6026.4,0.08882775119617226,1.08,625.1004784688995,10044.0,359,59,0,0,9.5
057b868ab03f5596f4a8c2e579c401f2fe9a2dfe,9,22,5206.365853658536,100.0,1,21,45,0.01474671669793621,0.6046153846153847,31.639774859287055,1297.2307692307693,0.023170731707317073,0.95,48.390243902439025,1984.0,40,1,0,0,8.0
05b134c1a682085880fb7ce76d221a48955e5b8a,9,55,4316.293617021277,92.34042553191489,1,73,913,0.030163339314984966,0.9520833333333334,283.5705271504385,3308.8333333333335,0.04885106382978724,1.11,415.3531914893617,4072.0,169,66,0,0,9.0
05b7c7d664702d3677ddbf5a03e976e24b16544c,4,64,4780.2215568862275,100.0,1,64,251,0.0,0.0,73.75808383233533,2188.0,0.0,0.0,74.94610778443113,2188.0,107,60,0,0,8.0
05ed34d40112c0d0c446cb9c00fa6e14851a7aa1,9,55,3144.096866096866,100.0,1,58,2542,0.05687767523125148,0.6061538461538462,503.51784369976,59029.89473684211,0.10586894586894587,1.02,854.7008547008547,80112.0,258,93,0,0,7.5
05f7b04136abf33daf80973c0942a91751222e1e,7,109,6892.9064327485385,100.0,1,113,521,0.0061228070175438605,0.11875000000000001,152.292425508215,2179.8333333333335,0.016900584795321638,0.53,307.69590643274853,7644.0,143,28,0,0,7.0
0601ede7fba3727ac6cae3653b12cebafea42863,5,86,6551.978813559322,100.0,1,86,511,0.007686440677966102,0.11000000000000001,46.342372881355935,1190.4,0.0722457627118644,0.55,379.35593220338984,10044.0,203,33,0,0,9.0
06024da8147b5cf6105beb4c403f67cf1ff0aea1,1,5,6778.75,100.0,1,5,2,0.0022596153846153847,0.018076923076923077,10302.865384615385,80272.0,0.0025,0.02,10515.5,80272.0,8,0,0,0,
0603b8a222e368a7727190b2883c7ad7b96ce5ac,4,64,4425.292682926829,100.0,1,64,771,0.004463414634146341,0.524,61.40813008130081,2188.0,0.008699186991869919,0.54,76.73170731707317,2188.0,183,63,0,0,8.5
061a128e882272cd17340c8feb637cd0ff9e5dbf,13,79,6179.446153846154,100.0,1,80,456,0.005979815246481914,0.5245454545454545,51.847935767935766,1984.0,0.016564102564102567,0.54,126.66666666666667,2376.0,163,32,0,0,7.5
062e8c58d3f85428aeed19095d12dcab6806f2ac,9,57,5119.084656084656,100.0,1,57,734,0.0136180617174406,0.432608695652174,79.10664169049262,2010.608695652174,0.06317460317460317,1.04,271.32275132275134,3552.0,155,34,0,0,7.0
063c339a318b967ec77cd523f9ae4c62a7afa083,9,66,4132.303571428572,100.0,1,66,760,0.016837755102040816,0.527,100.3078231292517,1987.142857142857,0.051000000000000004,0.54,234.38571428571427,2140.0,191,89,0,0,6.5
06490d06037ae75484a0a36a7a46e126b0b49495,6,79,6390.004854368932,100.0,1,92,420,0.011779145866907747,0.6388461538461538,58.935725796941945,2136.4210526315787,0.020097087378640778,0.95,96.75728155339806,3244.0,167,39,0,0,9.0
0659d0431565eaacdc601973560ee8331f910947,9,79,4285.146788990825,100.0,1,79,979,0.011300567933595457,0.5562857142857143,100.26210201623046,10044.0,0.013119266055045872,1.04,127.79204892966361,10044.0,236,91,0,0,10.0
06b43a9d40f16603a72a6333318a5086b7bb7e12,10,91,5594.666666666667,100.0,1,91,895,0.007126897860593512,0.59,161.9727812284334,10044.0,0.013478260869565217,1.04,392.9710144927536,51220.0,229,47,0,0,8.0
070671333adf94dadc433fcafc872c6301dd0744,8,55,3490.9493670886077,100.0,1,55,457,0.0015967450271247739,0.2522857142857143,34.509945750452076,1984.0,0.006582278481012658,1.04,42.63291139240506,2768.0,100,58,0,0,8.0
073de6e606b6b7f3f44a8e8301ee87c3c978a2e2,10,99,4382.089918256131,100.0,1,99,1367,0.012940962761126249,0.5246666666666665,71.09827429609446,2128.0,0.020435967302452316,0.55,119.66212534059946,10044.0,264,103,0,0,7.0
076cc92aff4d582b4b87ff0d111496e4a646b12b,5,70,5188.191011235955,100.0,1,70,635,0.008659176029962546,0.525,77.62397003745318,2376.0,0.009438202247191012,0.54,80.2247191011236,2376.0,143,35,0,0,9.0
0785a61c54bc37c6ddad3c02b29d1f9e15adf85b,4,57,5540.190751445087,100.0,1,57,464,0.01553179190751445,0.5209999999999999,133.81271676300577,10044.0,0.030404624277456646,1.04,184.85549132947978,10044.0,138,35,0,0,10.0
0799ab89dacde8042474f7bfe75a739fd151b73d,7,20,5384.615384615385,100.0,1,20,24,0.0,0.0,0.0,0.0,0.0,0.0,0.0,0.0,33,6,0,0,10.0
080df7c3716ee6b773c346c67056400fc235ffec,14,84,6600.96,100.0,2,84,424,0.022473109697320224,0.6207692307692307,426.99321049877443,20703.78947368421,0.0348,0.95,545.6685714285715,33664.0,155,20,0,0,7.0
081cbf0e54173c1b4c90be93a514521bc9c710fb,7,18,8200.0,100.0,1,18,5,0.0,0.0,0.0,0.0,0.0,0.0,0.0,0.0,25,0,0,0,9.0
081f6737145108d2cfb3e432f03d59670bae3ded,7,44,4843.456026058632,100.0,2,45,1322,0.014417842924357584,0.5275555555555557,1076.9352256863658,11752.0,0.040749185667752444,0.67,1325.8110749185669,31280.0,242,64,1,0,6.5
0821ac06ae77101d7dd9b8dd103f79ffa46657ab,5,20,4959.722222222223,100.0,1,20,381,0.06530864197530865,0.7366666666666668,233.76790123456792,1677.3333333333333,0.10092592592592593,1.07,354.51851851851853,2960.0,48,6,0,0,7.0
08399013cfa671c37b50b71ef25f1b2fd606c009,12,103,4967.830409356725,100.0,1,104,1197,0.02497269123100148,0.8064285714285714,146.6979261018042,6026.4,0.04684210526315789,1.04,236.69005847953215,10044.0,284,58,0,0,9.5
08838c74dc4154d8f49b1408d27fb46ccb92d329,10,54,3409.0976744186046,100.0,1,54,1445,0.03945004625782392,0.8014285714285714,323.7811030005596,5649.75,0.08493023255813954,1.06,645.2837209302326,12020.0,165,50,0,0,8.5
08b8ccf18df77b125fb5306e9ffb55ad284e1872,9,25,5784.313725490196,100.0,1,25,25,0.0,0.0,116.70588235294117,1984.0,0.0,0.0,116.70588235294117,1984.0,48,3,0,0,9.0
091ed1fe8fc042e202205f09f3d49a065c0f4da2,8,28,5473.2835820895525,100.0,1,28,276,0.025298507462686567,0.57225,123.00085287846481,2592.8,0.07074626865671642,1.05,300.65671641791045,3704.0,62,5,0,0,8.0
092370bceb84374c83ca09e8d8f93c837d923bc7,9,66,6307.388888888889,100.0,2,74,1174,0.011080433275242484,0.37769230769230766,270.96475669540695,15192.896551724138,0.03375,0.84,888.1296296296297,80108.0,199,17,0,0,10.0
09cbbae64d03af8ca53224aaef7657171ba27f50,4,20,8616.689655172413,100.0,1,20,105,0.009058529258098224,0.2318181818181818,58.86755485893417,985.0,0.04379310344827586,1.03,422.0689655172414,3940.0,28,1,0,0,8.0
09cbe188b9d1e965edf6c1c46a96b9306ec2f329,10,104,2561.176785714286,100.0,1,104,2026,0.022149145571690215,1.024375,127.39622710622712,2128.0,0.03533928571428571,1.04,189.2,2644.0,311,249,0,0,9.5
0a2c78cee9afdc522c5f0fae46937138f47b152b,2,22,2555.3984375,100.0,1,22,339,0.0,0.0,0.0,0.0,0.0,0.0,0.0,0.0,63,65,0,0,9.0
0a99205e11c0c6d86b348a926f693d6529e0210f,8,19,3197.3684210526317,100.0,1,19,27,0.0,0.0,208.8421052631579,1984.0,0.0,0.0,208.8421052631579,1984.0,50,26,0,0,9.0
0a9b6ec3e82e8a2527b21eb3420a6d9b72f4f71e,8,62,5507.733905579399,97.6824034334764,2,63,2848,0.04462655304460245,0.7724000000000001,2085.3626446501025,73432.33333333333,0.13686695278969957,1.55,4530.472103004292,80108.0,213,20,0,0,8.0
0aad9682c3c4280eb05dbd27e6cab55f4b1ae4b4,2,9,5888.277777777777,95.83333333333333,1,9,31,0.0,0.0,0.0,0.0,0.0,0.0,0.0,0.0,13,5,0,0,10.0
0aaebc88f6106684d6993c156104c1ef36cf94e0,4,50,4065.3697916666665,100.0,1,50,766,0.0027343750000000003,0.16,35.75833333333333,1984.0,0.01890625,0.53,104.375,2184.0,149,43,0,0,
0ac20d28419a43394bc94b257c7aab70e87f1675,7,51,4669.36312849162,100.0,1,51,566,0.00010375099760574621,0.018571428571428572,8.701959741065885,1447.4285714285713,0.0006145251396648044,0.11,51.687150837988824,7268.0,137,42,0,0,9.5
0aee33404db5dc946de8c70be37c6e82582885c6,8,57,4559.2827868852455,90.98360655737704,1,71,1257,0.07062618613567473,0.74275,347.09702781337904,3285.3,0.16639344262295083,1.07,803.3934426229508,5972.0,191,53,0,0,10.0
0af47eed4e0bd9c21637fc39db8fc17fedb6b1c0,10,101,5469.19,100.0,1,101,394,0.0,0.0,0.0,0.0,0.0,0.0,0.0,0.0,148,52,0,0,7.5
0aff6f7083979073168bbdd6c227015eb09eced9,5,43,5126.753968253968,100.0,1,43,351,0.014997732426303855,0.52,220.29448223733937,1984.0,0.024285714285714285,0.55,251.93650793650792,1984.0,107,19,0,0,6.0
0b066d297dd2f4288d95b0f4a92a8af79b542bf3,10,82,5757.472222222223,100.0,1,82,332,0.024876612983592387,0.6019230769230769,137.81825019204882,1984.0,0.04715277777777778,1.04,207.41666666666666,2768.0,110,34,0,0,9.5
0b18b1d653e0d031e1aee9129432b668c4264d3f,5,99,4992.623853211009,100.0,1,104,875,0.004155963302752293,0.472,21.842201834862383,1984.0,0.00507645259938838,0.58,24.269113149847094,1984.0,251,76,0,0,7.5
0b26c12ecc1bc4c1f127d5e6f6302b1b0b584faf,1,5,0.0,100.0,1,5,0,0.0,0.0,0.0,0.0,0.0,0.0,0.0,0.0,0,5,0,0,7.0
0b4355398b9c16ac0a7f559752e83b655f5aa6c7,1,2,2600.3333333333335,100.0,1,2,24,0.1835897435897436,0.5507692307692308,521.1794871794872,1563.5384615384614,0.31666666666666665,0.95,881.3333333333334,2644.0,2,1,0,0,10.0
0ba5c041f797e8baecc5f32034046994b801cbcf,1,5,3845.68,100.0,1,5,109,0.047439999999999996,0.161,198.4,595.2,0.1912,0.54,714.24,1984.0,20,5,0,0,4.5
0bd2037bf68a97753e5e67ab55dac026a649f279,5,54,4550.186363636363,100.0,1,54,731,0.013943939393939392,0.44166666666666665,59.82060606060606,1653.3333333333333,0.01740909090909091,0.56,72.14545454545454,1984.0,163,57,0,0,6.0
0bd4c0cd006b55dbfa7806aa4b45926119ce9540,9,61,6130.828025477707,100.0,1,61,392,0.0007006369426751593,0.11000000000000001,13.102514247401944,1461.8947368421052,0.003439490445859873,0.54,25.273885350318473,1984.0,134,23,0,0,7.5
0bf111a9caedf02804f6991792490e63bc21058a,6,65,6355.753768844221,100.0,1,82,856,0.008514135872835662,0.3734146341463414,61.062995520422575,2116.6315789473683,0.028341708542713572,0.55,191.11557788944722,6508.0,176,23,0,0,
0bf71ee0dbde0fb1033887111d3094c61e66f44b,8,59,5809.393103448276,100.0,1,61,828,0.03471178942948453,0.9647747747747749,742.3283972530796,73421.33333333333,0.054827586206896546,1.07,1425.103448275862,80108.0,124,21,0,0,10.0
0c67423aa82630d4406e9477bb7462db4df09c4d,9,68,4412.510250569476,99.8861047835991,1,69,6146,0.057687487365675076,1.0276,463.5955122294795,56750.72,0.18466970387243736,1.23,1134.3143507972666,56760.0,379,60,0,0,8.0
0c9cad573ea42e5a8d9058b834cbc9255128d54b,6,26,5604.166666666667,100.0,1,26,27,0.0,0.0,82.66666666666667,1984.0,0.0,0.0,82.66666666666667,1984.0,46,2,0,0,10.0
0cab57d7705bafe60116d29a1019a774cd661f02,10,100,6358.075471698113,100.0,1,100,359,0.0017122641509433965,0.053000000000000005,21.528301886792452,1984.0,0.01712264150943396,0.53,102.9622641509434,1988.0,171,41,0,0,10.0
0d05b13c0460dbd3e3e99537d6eb4665b0dd194b,9,78,7187.617834394904,100.0,1,78,393,0.03326857749469215,0.533,133.9515923566879,1984.0,0.051273885350318474,0.55,202.19108280254778,1984.0,149,8,0,0,8.0
0d667a9fcdc7162fa7182f0e14302a56dbe700c5,4,17,2923.35,100.0,1,17,282,1.25e-05,0.001,0.0,0.0,0.000125,0.01,0.0,0.0,49,31,0,0,5.0
0d815307d5307124d148bbebfb41497230c4bd15,1,3,3754.5,100.0,1,3,50,0.04129352226720648,0.3805263157894737,1150.6275303643724,2522.315789473684,0.1,0.54,1804.4,3428.0,10,0,0,0,
0dd138a9a2b0349ede3fee340cb02e40197aea3d,14,87,5825.605042016807,100.0,1,87,675,0.02323952212463933,0.8049999999999998,126.41007139697984,2241.4736842105262,0.043823529411764706,1.05,212.73949579831933,3424.0,199,39,0,0,7.5
0de8af23bfda13f21ed67e41a5aace53ff8aef99,11,109,5210.45652173913,100.0,1,109,968,0.0067173315814620166,0.5715384615384616,38.21256352343309,1484.5714285714287,0.013559782608695652,0.94,86.57608695652173,2768.0,273,95,0,0,10.0
0dfa65b4dafad47b15abbfd6c6ce1aeb213901cf,5,23,1771.3162393162393,100.0,1,23,516,0.010754985754985753,0.4336666666666666,42.39316239316239,1653.3333333333333,0.014017094017094018,0.55,50.87179487179487,1984.0,56,61,0,0,4.5
0e0d9e9f9bc2173402e77be7eaaaf0d562168009,3,21,4048.8837209302324,100.0,1,21,267,0.0,0.0,69.20930232558139,1984.0,0.0,0.0,69.20930232558139,1984.0,65,21,0,0,6.5
0e346c62a6706465a1c49c59224eed1cdb5f7f5c,5,59,5716.718390804598,100.0,1,59,497,0.02222030651340996,0.43933333333333324,106.76698014629048,1653.3333333333333,0.028160919540229888,0.55,136.82758620689654,1984.0,132,42,0,0,10.0
0e51dc16b3d9de6cbcada8abb58ddeddb448b6e8,5,97,4271.916398713826,100.0,1,97,677,0.002247741540346042,0.23666666666666666,18.18135048231511,1984.0,0.0051768488745980714,0.54,25.517684887459808,1984.0,195,116,0,0,10.0
0e63b2194be2efd4b5b5f2b6e2d77ac12aaadec3,1,1,5000.0,100.0,1,1,0,0.0,0.0,0.0,0.0,0.0,0.0,0.0,0.0,1,1,0,0,10.0
0eb93817d6eb3d5bd3e44dbc75971eea193b924f,1,4,5429.4,100.0,1,4,0,0.008513157894736842,0.01625,992.7421052631578,1991.5,0.1,0.24,1243.2,2176.0,5,0,0,0,
0ee9ac569e379f04a42a18c88cca093ef1121ab8,6,17,2903.2258064516127,100.0,1,17,34,0.0,0.0,352.64516129032256,1988.0,0.0,0.0,352.64516129032256,1988.0,59,3,0,0,9.0
0f0664021ebbec70b1d3bb5a5419e22507179671,7,110,5345.977707006369,100.0,1,113,2024,0.12019922876658873,0.8064285714285714,2345.883847685592,119694.93333333333,0.20238853503184712,1.04,4943.006369426752,246284.0,282,32,0,0,6.0
0f8c46242826be3cbe5e14f5773ee1da97697024,10,65,4869.248908296943,89.51965065502183,1,83,944,0.04946716884769356,0.9391666666666666,346.54461928506475,5692.3,0.06917030567685589,1.1,610.2532751091703,8112.0,180,49,0,0,9.5
0fbb7000a8fd1f413cd7a06ec7baf2b1f6eb493a,5,35,4522.095588235294,100.0,1,35,364,0.014250094268476622,0.6038461538461538,139.17473604826546,10044.0,0.048014705882352945,0.94,278.0882352941176,10044.0,94,42,0,0,7.0
0fbef055915162cb6d6501558499544d6dedb799,9,34,6942.307692307692,100.0,1,34,36,0.0,0.0,0.0,0.0,0.0,0.0,0.0,0.0,52,0,0,0,9.0
0fc728b5b267485042d587eeac067b6c4e2a1d15,7,70,6258.818930041152,100.0,1,70,415,0.02007018747142204,0.526,1428.2551440329219,21516.0,0.06576131687242799,0.54,4230.831275720165,41048.0,209,34,0,0,7.0
0fc74820b7bcdd23c196f494e7686305acbdc71e,5,43,4113.836065573771,100.0,1,43,434,0.01889344262295082,0.527,120.34098360655739,1984.0,0.03483606557377049,0.54,178.88524590163934,1984.0,95,27,0,0,9.5
1004df3c370eb09604c10fd89f9e86a2c037a7dd,2,29,3544.057471264368,100.0,1,29,279,0.0,0.0,0.0,0.0,0.0,0.0,0.0,0.0,67,20,0,0,9.0
10208a0e6cd46ed16c4fd6b83f3993696ace5495,4,61,6224.595419847328,100.0,1,61,376,0.007763358778625955,0.523,290.6809160305343,34111.2,0.00900763358778626,0.64,488.67175572519085,48144.0,116,15,0,0,9.0
10253729dc5e3b0b2d3dddc37638199910394daf,11,105,5305.1510989010985,100.0,1,104,965,0.00840694561848408,0.6069230769230769,71.51005027361303,2008.8,0.013736263736263736,0.95,114.8021978021978,10044.0,282,82,0,0,10.0
1032e725ab35f7bffc504759477f8243066a026b,4,50,5293.950920245399,100.0,1,50,471,0.0003768624014022787,0.03642857142857143,63.793865030674844,2008.8,0.004662576687116564,0.51,333.6687116564417,10044.0,131,32,0,0,9.0
108f1062e8ab6d51f404e7f639e781edc9ae5eb2,4,53,4431.6,100.0,1,53,530,0.0,0.0,0.0,0.0,0.0,0.0,0.0,0.0,128,57,0,0,10.0
10ab3b376215f6afcfc642ea66a50f92cf944717,1,1,0.0,100.0,1,1,52,0.029038461538461537,0.058076923076923075,992.0,1984.0,0.045,0.09,992.0,1984.0,2,0,0,0,10.0
10e3359db56b99eb2f621d7c875f3c26cdd01a64,11,91,4519.560137457044,100.0,1,91,786,0.0197403861888398,0.53,182.02277859597447,1992.6666666666667,0.03972508591065292,0.55,287.2302405498282,3552.0,207,84,0,0,9.5
110da1d7ba2be3ffa13d62c7ed8b917e5dcebece,5,36,6762.080645161291,88.70967741935483,1,36,125,0.03209426057813154,0.5236363636363636,148.74470046082948,1984.0,0.04370967741935484,1.09,172.6451612903226,2768.0,53,9,0,0,10.0
1133fe0ca8444133bea1e55ef5b4026b5e8445fc,6,43,5327.616935483871,100.0,1,46,1389,0.02801262850053173,0.5688461538461538,131.92083185631571,1984.0,0.0617741935483871,0.94,250.66129032258064,2644.0,234,14,0,0,8.0
117d3bf4a5deb7a9f3422f088e10bb3f8eeb7e12,16,89,5654.078189300411,100.0,1,93,656,0.010228565240261148,0.8128571428571428,93.23415376046955,2242.5263157894738,0.021069958847736627,1.08,198.6008230452675,10044.0,201,42,0,0,8.5
11f5d8226ebf0108a5a4ecad896a990ecb369247,4,23,3973.8,100.0,1,23,224,0.03221538461538462,0.526,122.0923076923077,1984.0,0.03353846153846154,0.55,122.0923076923077,1984.0,49,16,0,0,5.0
11f61032ed64123d44a372930101fd5f3877e010,16,110,4841.571428571428,100.0,1,111,1322,0.02213803459634474,0.8064285714285714,104.96037181549265,2242.1052631578946,0.052571428571428575,1.05,229.6727272727273,3424.0,283,102,0,0,8.0
11f93249faeb096567269266fbebfc3b0f6b5dc1,10,74,5728.306748466258,100.0,1,74,437,0.001280163599182004,0.20866666666666667,17.040490797546013,1984.0,0.0032515337423312885,0.53,24.34355828220859,1984.0,133,30,0,0,10.0
123c4ff5313ccf709b3bc4bd3365087685440c71,8,66,5051.496598639455,100.0,1,66,258,0.000675413022351798,0.051428571428571435,3.8639455782312924,284.0,0.0071428571428571435,0.54,27.047619047619047,1988.0,100,47,0,0,1.5
12607a7c2283944afc08e1ce4df79ba688a31f74,6,107,4775.728260869565,100.0,1,111,1996,0.012962467484206616,0.53,172.35239687848386,10044.0,0.035724637681159424,0.57,288.21014492753625,10044.0,464,88,0,0,7.0
1271071dc622e3a72b0ef187b6e955b9d59db5f8,5,19,2216.867469879518,100.0,1,19,300,0.0,0.0,0.0,0.0,0.0,0.0,0.0,0.0,46,37,0,0,7.5
127974170c7fb2e3945a3c5b666bb7f6dadc87ad,6,113,5777.298245614035,100.0,1,125,575,0.0210046783625731,0.5260000000000001,194.04070175438596,4713.6,0.03729824561403509,0.55,309.99298245614034,10044.0,236,49,0,0,9.5
12887fd9a4df4ba9b88a71f3fb1d2502a75995dd,5,64,6460.877419354839,100.0,1,64,310,0.0007225806451612904,0.054000000000000006,62.16,9039.6,0.006967741935483871,0.54,103.2,10044.0,131,24,0,0,
128ed4bebb12d030efad936db13d26a620bd620a,7,80,4423.214477211796,100.0,2,80,1035,0.031236701001834344,0.5283333333333333,889.6842669676872,21263.57894736842,0.04906166219839142,0.56,1303.8391420911528,34196.0,260,113,0,0,10.0
12aa60fde9ce650c25faf60398d3c071cb80c1b4,5,111,5176.411764705882,100.0,1,111,1129,0.01554920060331825,0.5290000000000001,89.98115233785822,2212.0,0.03207058823529412,0.56,165.42117647058822,2216.0,331,94,0,0,7.5
12d6e24985ac80a581968fb1f36d699e6dd1cd33,8,68,6330.5084745762715,100.0,1,68,178,0.004491525423728814,0.53,16.8135593220339,1984.0,0.004661016949152543,0.55,16.8135593220339,1984.0,93,25,0,0,4.5
12da07c3cca4f480a6064f7cbedaec11d677814a,5,59,6705.096153846154,100.0,1,59,244,0.016855769230769226,0.4399999999999999,86.66666666666666,1653.3333333333333,0.02076923076923077,0.54,116.3076923076923,2080.0,87,17,0,0,7.0
12f1e26c28f731fd2ad1787db42f4c13de432ea4,9,58,5373.515151515152,100.0,1,64,1424,0.031095989941839743,0.551923076923077,246.39039539000012,1984.0,0.10984848484848485,1.04,620.2424242424242,3428.0,171,27,0,0,8.5
13293554378a8a5f29de5440ab1c49003af0214a,12,71,6417.840531561462,100.0,1,80,1564,0.033005871807186886,0.6038461538461539,184.93878160800253,2243.5789473684213,0.07093023255813954,0.98,417.19601328903656,3940.0,271,30,0,0,9.0
132d544dce1633485350dd582ed7f13fad5da3f4,5,12,5789.473684210527,100.0,1,12,7,0.08368421052631579,0.53,313.2631578947368,1984.0,0.08368421052631579,0.53,313.2631578947368,1984.0,18,1,0,0,8.0
137ffd846ed245676a14f1d5e8676a4ef646182b,4,41,3897.862068965517,100.0,1,41,607,0.013545338441890166,0.5233333333333333,57.04827586206896,2184.0,0.02488505747126437,0.55,107.2183908045977,2184.0,122,52,0,0,
1388c66d46212d87c084af2a8fdd0257444ce868,10,98,7984.986754966887,100.0,1,98,236,0.0038145695364238414,0.524,14.452980132450332,1984.0,0.007019867549668875,0.54,26.278145695364238,1984.0,143,8,0,0,10.0
138c5848f009c004f0b8e2379316d5ec18332ff8,4,34,2670.1714285714284,100.0,1,34,613,0.002485714285714286,0.522,85.02857142857142,1984.0,0.0025714285714285717,0.54,85.02857142857142,1984.0,122,88,0,0,
139aa923bf965f373c678ba8c10f500d78269e20,11,70,5863.392307692307,100.0,1,78,1086,0.05237152643168061,0.6549999999999999,712.3054606453253,21516.0,0.12915384615384615,1.12,1205.0615384615385,21516.0,228,32,0,0,10.0
13b9e4710dc86e953960ebd2fbae7721d24fdc2a,10,93,3648.5250737463125,100.0,1,93,1093,0.004052254530130636,0.28833333333333333,54.6031746031746,1984.0,0.008613569321533922,0.54,86.56047197640117,2768.0,222,117,0,0,9.5
141e7bebd6db0745569c97910301a67c9962826e,10,76,5231.486666666667,100.0,1,83,1023,0.027387815802492527,0.6092307692307691,116.29969197086439,1984.0,0.06073333333333333,1.05,261.1066666666667,5988.0,237,63,0,0,8.5
14354d2cff31b4330ad9e939b18cc8fce8c1c085,5,59,6326.673202614379,100.0,1,59,465,0.006274509803921569,0.5210000000000001,35.29992737835875,1984.0,0.007124183006535948,0.54,38.90196078431372,1984.0,135,18,0,0,7.0
1438feeb138cf0a2ac3e5583f5caec35e3104234,6,47,5217.421348314607,100.0,1,47,794,0.00854307116104869,0.4875,185.2243445692884,6742.0,0.012415730337078651,0.56,322.0449438202247,6744.0,159,19,0,0,10.0
143fdbefc9ba427b841fbd52b7999b2a996562af,9,62,5613.28125,100.0,1,66,481,0.009587890625,0.6078125,68.5530464616402,1984.0,0.026015625,1.06,162.25,3456.0,95,33,0,0,9.0
1466659761d4827040ac1226fa45ad172c4743a4,6,110,6755.508547008547,100.0,1,115,405,0.006774161735700197,0.23083333333333336,69.4160859083936,1984.0,0.037564102564102565,0.54,254.35897435897436,1984.0,197,37,0,0,9.5
14a29b0a13697ed0e000bdb9f374180ccb495a2c,14,95,4872.036036036036,100.0,1,96,443,0.002694040194040194,0.5980769230769231,30.302367144472406,1984.0,0.00418918918918919,0.93,35.747747747747745,1984.0,150,72,0,0,6.5
14a493d035053a109eeeeb50a501d2b69a8ec429,6,113,3285.4862579281184,100.0,1,118,1234,0.00010489510489510488,0.015,29.03275329321841,5079.2,0.0011416490486257929,0.15,149.3276955602537,50792.0,279,194,0,0,7.5
14e9c7d5220ae70aadd1e37038e74bba41439d65,11,75,4040.853503184713,100.0,1,75,969,0.021664476447119756,1.02375,128.2808532232099,10044.0,0.0535031847133758,1.09,278.4331210191083,10044.0,202,112,0,0,5.0
155290f106d7951f353d1290f55d95a5a1535e90,7,14,1764.7058823529412,100.0,1,12,35,0.0,0.0,77.80392156862744,1984.0,0.0,0.0,77.80392156862744,1984.0,37,14,0,0,10.0
1587f82c10e4a0f4241b317cba4fb5691bab07a1,5,98,6618.73732718894,100.0,1,101,615,0.014901689708141319,0.5270000000000001,75.43471582181259,1984.0,0.036728110599078344,0.57,156.35023041474653,2184.0,191,26,0,0,7.0
165e4e596c3bdade64bf0bd2491fa8234015f0d2,7,100,5305.75,98.828125,1,104,960,0.008661458333333334,0.43933333333333324,65.1,1984.0,0.0130859375,0.57,93.0,1984.0,216,40,0,0,8.0
16a221ec975ec0eb2fcf4acd69fe87281d585ca7,6,109,6136.428070175439,100.0,1,108,851,0.0042029239766081875,0.30900000000000005,87.52654970760234,6028.8,0.013157894736842105,0.54,134.23157894736843,10048.0,249,36,0,0,7.5
16b6e419367318f9a3a28439ae013d55638ba0d3,6,45,6800.345794392523,100.0,1,47,289,0.013249221183800623,0.605,69.83580158159597,2008.8,0.023644859813084115,0.94,168.0373831775701,10044.0,97,10,0,0,9.0
172ed6401f9b9f97f6603c04fb2be3a83d495f12,4,55,3791.0194805194806,100.0,1,55,497,0.0006623376623376624,0.051000000000000004,2.5766233766233766,198.4,0.006623376623376623,0.51,25.766233766233768,1984.0,100,54,0,0,6.5
17b62f15056932dddf225da7f5e30911e316f7ed,11,105,5472.423841059603,100.0,1,105,965,0.007490066225165563,0.527,36.476568905707985,1984.0,0.008973509933774835,0.54,52.556291390728475,1984.0,249,53,0,0,9.0
17ce312f66b2f6b7c5766e4d5cb1f7452aa20911,1,9,5775.727272727273,100.0,1,9,83,0.05844646464646464,0.4096666666666666,577.36,1984.0,0.10090909090909092,0.55,997.4545454545455,2644.0,11,0,0,0,10.0
180a4c5f90b6d7bd4993c51385fb00b4d32d2834,1,1,1999.75,100.0,1,1,297,0.07483333333333332,0.3026666666666666,369.3185185185185,1213.3333333333333,0.17,0.55,678.0,2184.0,9,3,0,0,10.0
18fc5492e3a88861f35c23bbb2805f724c1a135a,7,38,5629.9,92.14285714285714,1,46,507,0.04136357927786499,0.605,408.1903296703297,31873.53846153846,0.07042857142857142,1.04,648.0571428571428,53032.0,123,17,0,0,9.0
191ba6c8fd27e676f8c2f5341bfaf487765fa0dd,7,24,6676.636363636364,100.0,1,24,173,0.0,0.0,39.68,1984.0,0.0,0.0,72.14545454545454,1984.0,50,5,0,0,9.0
195aa2f618f1001a6ca4da0300dd8bb798013a73,5,110,5811.852071005917,100.0,1,110,1046,0.0011143225610681232,0.30333333333333334,62.309452283416775,2008.8,0.0039053254437869823,0.56,141.98816568047337,10044.0,302,36,0,0,9.0
19787a8ba9b724902ceb45f483190f766e9e291c,13,91,4519.787356321839,100.0,1,91,1767,0.034222855549692136,0.9257692307692309,133.76300730753502,1984.0,0.06969348659003832,1.08,304.3141762452107,2768.0,384,138,0,0,7.5
197914fcc84fa89dd136503225f5ecdbecb2600a,5,110,7297.094117647059,100.0,1,110,221,0.001411764705882353,0.23500000000000001,73.30737967914439,2128.0,0.0032941176470588237,0.54,130.91764705882352,2128.0,151,19,0,0,8.5
19bb25163e0a13d6d2b1606c92e1366ad7fd8341,5,72,4546.622222222222,100.0,1,72,604,0.007169914529914531,0.5270000000000001,29.166495726495725,1984.0,0.03031111111111111,0.54,114.63111111111111,1984.0,153,72,0,0,9.0
19fb6947af793def84e3b7ab4f867bd460ad1b73,8,24,5652.173913043478,100.0,1,24,18,0.0,0.0,0.0,0.0,0.0,0.0,0.0,0.0,43,3,0,0,9.0
1a116d1e7d5af20a32ad9d0232b6803c70f7978d,11,91,6104.545064377682,100.0,1,91,496,0.01239947177286233,0.5676923076923077,204.4367907673984,3013.2,0.039141630901287555,0.94,515.2961373390558,10044.0,199,34,0,0,9.0
1a4b69992c879b4e5f64e848ffdddc2f2f401e44,10,87,3275.851063829787,100.0,1,87,957,0.001863672182821119,0.5255555555555556,11.960283687943264,1984.0,0.0019148936170212767,0.54,21.106382978723403,1984.0,176,106,0,0,9.0
1a651a0e1038b173950ab2be4fb4b3016d617aa6,23,131,5480.417362270451,100.0,1,137,2134,0.011563099377456974,0.533,225.91516414943234,6770.5,0.028230383973288815,0.55,530.5308848080134,10044.0,507,92,0,0,9.0
1a68900dd1fd8fa7892cc9450d53e991ca241785,1,5,656.8571428571429,100.0,1,4,158,0.0,0.0,248.5,1739.5,0.0,0.0,284.0,1988.0,7,0,0,0,10.0
1abf62f1e76bc5ac164061cff2a8171d6b6de657,7,116,2747.838451268358,100.0,1,127,2839,0.008580368206650911,0.7553333333333335,165.90632381809857,49165.26315789474,0.015620827770360482,1.07,575.2096128170895,81992.0,415,334,0,0,7.0
1ad3d49b185ea0e42354cd94ac86c60ae982616d,5,37,7224.484536082474,96.90721649484536,1,48,213,0.00032989690721649484,0.032,47.3019145802651,1643.8857142857144,0.0008247422680412372,0.08,89.89690721649484,2768.0,89,8,0,0,9.5
1ae3ba4f07f87302215a9b35d195bfbeef187ebc,7,112,6013.588424437299,100.0,1,119,673,0.00709072117593018,0.43633333333333335,91.27753789618741,3268.0,0.02504823151125402,0.54,186.30225080385853,10044.0,250,60,0,1,9.0
1b248f11648c9000f277a02dc5d4bea3800ba43a,6,39,6966.666666666667,100.0,1,41,62,0.0,0.0,0.0,0.0,0.0,0.0,0.0,0.0,48,12,0,0,7.0
1b30ad6d355a521cb70e2eff2efe28c3d2fcec9e,6,37,3756.9470198675494,100.0,1,37,612,0.00035761589403973513,0.054000000000000006,14.426490066225167,1980.0,0.0035761589403973514,0.54,26.251655629139073,1984.0,115,36,0,0,5.5
1bb7bc7fa80594c77e224e8f9632c765f26838e5,4,28,7975.977272727273,100.0,1,28,240,0.0030702028591563482,0.12523809523809526,138.71318836202556,2845.6190476190477,0.01340909090909091,0.54,1423.090909090909,51068.0,42,2,0,0,8.0
1bdf6175e8df831b083615bea765e48098904986,5,21,2933.423076923077,100.0,1,21,181,0.0025295857988165684,0.13153846153846155,14.674556213017752,763.0769230769231,0.009423076923076923,0.49,38.15384615384615,1984.0,31,21,0,0,5.5
1bf00adb6ad4cfbed2cab01bf71398e1ed9db042,8,48,6511.895161290323,99.19354838709677,1,62,274,0.009867127496159754,0.644,87.08936251920122,4148.7,0.027338709677419356,1.05,226.25806451612902,8396.0,105,19,0,0,10.0
1c095c774d9d1d3a4ddcf533186e7146fdbf92a7,14,97,4652.488095238095,100.0,1,97,1408,0.048237344758365296,0.8078571428571429,193.77114232426905,2522.7368421052633,0.09398809523809525,1.05,329.7261904761905,3428.0,271,65,0,0,7.5
1c34dfe9c77773e6949a4d248b25897b3f78349d,9,62,5756.089743589743,94.26282051282051,2,63,893,0.05793362137813992,1.0245000000000002,437.0070917106702,11148.32,0.1308974358974359,1.05,832.5384615384615,11812.0,136,20,0,0,8.0
1c38445c67beb9a58777c87a9c059cea1ccf2223,3,15,5778.115384615385,100.0,1,15,119,0.13822679850513858,1.0370833333333334,651.9047285373197,5361.166666666667,0.21653846153846154,1.07,890.1538461538462,6548.0,22,4,0,0,10.0
1c3928fd78413712a00cd78e6ec020b2cfc666fa,5,42,4895.565217391304,100.0,1,44,299,0.009973913043478262,0.518,55.31130434782609,1996.0,0.018608695652173914,0.54,86.36521739130434,1996.0,88,27,0,0,9.0
1cb262ad711450f9a6a0f5cf786788b17d2d481a,7,105,4403.086956521739,100.0,1,112,747,0.013132056730454901,0.6065384615384615,65.70911559836044,2522.315789473684,0.019285714285714285,0.94,96.7080745341615,3428.0,203,119,0,0,7.0
1ccece483f66d68acf592f017c1b5ca6c682542a,2,7,5391.727272727273,100.0,1,7,141,0.039462642620537364,0.5092307692307693,151.9530995320469,1809.4736842105262,0.06954545454545455,0.99,309.8181818181818,2644.0,21,1,0,0,10.0
1ce192d1bbeca43c01873d6cd5a6318f4050fa56,6,50,2756.21875,100.0,1,50,800,0.012710408834586467,0.526,221.60051406926405,10044.0,0.01682291666666667,0.54,290.625,10044.0,138,54,0,0,5.0
1cfda392887d01754199fa5f5cecf6ea3c9b0fec,10,58,5636.016949152542,100.0,1,67,578,0.02400261014879659,1.025625,80.76317956995923,2132.0,0.05186440677966102,1.04,191.38983050847457,2132.0,144,33,0,0,9.5
1d1a20a6ce616a1b0780f5c86f1f6cf9f7c9a5ff,5,104,5213.927586206896,100.0,1,104,703,0.012795865054485744,0.5290000000000001,132.00708762501864,3156.0,0.02231034482758621,0.54,339.29655172413794,10044.0,227,63,0,0,10.0
1d2f411ed3ef95a96dea54ce6a09c0d0b65b6a7f,6,42,5926.939597315436,100.0,1,44,506,0.012081532561398333,0.6042307692307692,115.24794847210956,4365.333333333333,0.020268456375838927,0.96,175.83892617449663,4376.0,132,17,0,0,7.0
1d5ba7c1c8ab8d16890eeb1772560ab942c42003,7,21,2659.574468085106,100.0,1,20,51,0.07329787234042554,0.62,485.531914893617,1992.0,0.07329787234042554,0.62,485.531914893617,1992.0,85,9,0,0,10.0
1d9024c71085dc3822bac092baef8b238c3b497f,14,93,4792.391585760518,100.0,1,94,806,0.007011268600896827,0.2991666666666667,137.7290228491744,8609.142857142857,0.014886731391585762,0.54,353.6181229773463,10044.0,220,89,0,0,7.5
1db86260a9c5f649ae36ccd97c36920df2d51d20,1,2,285.55555555555554,100.0,1,2,109,0.0,0.0,494.45714285714286,1077.0285714285715,0.0,0.0,1102.6666666666667,1988.0,6,3,0,0,10.0
1db8dc5d1005cd6d742fd9bfba759aeb2babab66,14,104,6319.423664122138,100.0,1,104,939,0.008640352510395332,0.5193333333333332,57.97140197356172,2261.866666666667,0.023129770992366416,0.59,122.27480916030534,2272.0,228,34,0,0,6.0
1dccadbfae8f0adb300cb239e727b2481e2b149e,2,11,4722.382352941177,100.0,2,11,578,0.0014341253742876459,0.03571428571428571,83.61610644257702,1329.7142857142858,0.006470588235294118,0.09,385.7647058823529,6052.0,30,4,0,0,10.0
1de22c51fffa76f33c3a7698a3f7a9e6ab6be9ac,9,24,6903.608695652174,100.0,2,24,180,0.02821877156659765,0.31444444444444436,432.71994478950995,8798.285714285714,0.06021739130434783,0.54,720.1739130434783,9116.0,43,3,0,0,9.0
1e055a4ba4266c760d42cc958ce119d344f402f6,9,60,5554.963302752293,93.46330275229357,2,61,1594,0.020945826803166253,0.5269999999999999,798.3184256641475,25679.85714285714,0.0658256880733945,1.06,1708.0550458715597,77548.0,198,20,0,0,9.0
1e09b1a5541a443716e68239b181fc116425a9b2,5,58,6355.114285714286,100.0,1,58,307,0.007999999999999998,0.43766666666666654,82.65235209235209,1653.3333333333333,0.010285714285714287,0.54,132.26666666666668,1984.0,93,12,0,0,5.0
1e347993c7fb0053ac2a1b01b6b6c5a5fc3dad9d,6,104,6474.769565217392,100.0,1,107,709,0.028171118152125016,0.6061538461538462,207.10967259285334,9039.6,0.04569565217391304,1.03,293.96521739130435,10248.0,201,29,0,0,7.0
1e48d7fffb4fbe08eec6151ce5b2378258d13aeb,4,61,4848.4,100.0,1,61,555,0.0,0.0,1.1700534759358288,198.9090909090909,0.0,0.0,12.870588235294118,2188.0,132,38,0,0,5.5
1e4b0ce4b171b3e33195524f6a6425a1b8f98597,7,63,4866.189349112426,100.0,1,63,389,0.010766824891085247,0.5696153846153846,108.00124845568632,2070.285714285714,0.021301775147928994,0.94,175.6449704142012,3816.0,114,55,0,0,8.0
1e59ca9160cbe32a3bebef6df4339e30a16d0dfd,8,83,5715.8917525773195,100.0,1,84,521,0.003298308220988633,0.51,133.5404440919905,11752.0,0.010360824742268043,1.04,314.22680412371136,11752.0,160,34,0,0,9.5
1e6562ac23e7980dcf32fa8963837c68dafc906f,10,53,6594.683333333333,100.0,1,54,285,0.00887061403508772,0.35947368421052633,67.3038596491228,2521.2631578947367,0.043416666666666666,0.54,193.86666666666667,3424.0,108,12,0,0,6.5
1e87dd3db07a664f4eb34b7e0a3ac578ca8846f9,12,85,4461.658730158731,100.0,1,85,683,0.0018742368742368741,0.47230769230769226,16.83150183150183,2253.5384615384614,0.004126984126984127,1.04,20.317460317460316,3132.0,181,71,0,0,7.0
1f15254ccdc062083c8f4e02523e18c2384dc6e1,8,116,5319.809178743962,100.0,1,120,1675,0.017946341902863643,1.0222857142857142,268.2835277443973,10044.0,0.06642512077294686,1.04,570.7826086956521,11776.0,380,34,0,0,9.0
1f641156e4298943167e0e1ad7a63696ff3bc17d,8,53,5180.601063829788,100.0,1,54,1503,0.009388374364080526,0.6647619047619047,285.1488978397489,4442.0,0.028351063829787235,1.04,1684.2340425531916,18708.0,153,35,0,0,8.0
1f7be2d565e2629c4ffe64c30c41252de69300c5,6,49,5136.64375,100.0,1,51,519,0.008245673076923078,0.568076923076923,21.46153846153846,1220.923076923077,0.0246875,0.94,86.8,1984.0,121,39,0,0,9.5
1f88d783ff0c3a19a1d34b4e45d71b4f9b14b976,6,112,6299.025179856115,100.0,1,117,647,0.005932115845784911,0.22916666666666666,85.42527209002029,1984.0,0.02838129496402878,0.54,199.8273381294964,1984.0,237,41,0,0,9.5
1fde2156c0969b0aebe55ebab7ad14f529a492cf,6,106,6235.632034632034,100.0,1,111,1020,0.00971869796869797,0.517,187.39007659007657,2128.0,0.026255411255411257,0.55,256.1991341991342,10044.0,410,52,0,0,9.5
1fec28e4753dac81fb5354793029a3a2f81c7b7a,5,65,3568.478260869565,100.0,1,65,879,0.004902099970422952,0.4940000000000001,107.50807453416148,10248.0,0.01661490683229814,0.54,163.5776397515528,10248.0,201,121,0,0,9.0
1ff3bf1f9353578bd902ce0b3879369b46c72640,1,3,10000.0,100.0,1,3,0,0.0,0.0,0.0,0.0,0.0,0.0,0.0,0.0,3,0,0,0,0.0
2003e05bf78d3b5b7f672aa1d02ae3aa0537706b,16,106,5978.819494584837,100.0,1,107,693,0.008716421364435805,0.6030769230769231,109.60934901440316,2189.6,0.03451263537906137,0.94,339.0613718411552,17056.0,235,42,0,0,8.0
201b7f1b1071911915956b1d54f5b7e69a7d7cb3,6,41,3812.0858895705524,100.0,1,41,485,0.010343558282208589,0.529,80.88343558282209,2128.0,0.02521472392638037,0.55,172.17177914110428,2128.0,112,51,0,0,8.0
209d7c77e7a150b6990a3372f7cb24da0c0e7e07,1,4,3998.625,100.0,1,4,161,0.07066711956521739,0.24652173913043474,2242.7967391304346,3578.4,0.23875,1.03,4029.0,6672.0,8,0,0,0,
20efb5f5c748870210f094db59aa50c4360d32cc,12,102,4043.31843575419,100.0,1,102,1159,0.014118116520351155,1.023142857142857,810.7141260973664,267104.34285714285,0.02533519553072626,1.04,884.68156424581,277996.0,246,112,0,0,10.0
213a1a52e92bd478f671a4e614a7ee5b82ea4b91,6,40,3765.3503184713377,100.0,1,40,408,0.00829572338489536,0.524,88.10635309488814,1984.0,0.016496815286624205,0.54,176.20382165605096,3548.0,94,63,0,0,8.0
213a48a8028d2dd6ed42c47be4588ac5a909076b,16,108,5817.990566037736,100.0,1,110,2366,0.07923554599752854,0.7742857142857141,413.1494973814304,9674.0,0.20091194968553458,1.05,838.1383647798742,9676.0,290,28,0,0,7.5
21661552706810e470f97f098927a2b89d9b9eaa,12,100,4284.525974025974,100.0,1,100,549,0.017211193568336426,0.5289999999999999,161.65627705627705,10044.0,0.02126623376623377,0.55,167.88311688311688,10044.0,196,112,0,0,7.0
216a3ccb8504db72c0b5ef227b00d61d2e2ec7be,5,46,4229.683098591549,100.0,1,46,595,0.025599374021909233,0.527,181.5928012519562,2019.6,0.030422535211267608,0.54,196.3943661971831,2024.0,112,30,0,0,9.5
2170453bef40f448016841b0ca5ad2e07143bf5a,10,73,5082.470319634704,100.0,1,73,635,0.005991293003204855,0.357391304347826,224.33390205710822,1984.0,0.034337899543379,1.04,520.2009132420092,10044.0,187,32,0,0,8.5
218191f4a8648e65ada28c23f52f578dec21cd98,7,49,6415.4375,100.0,1,52,213,0.0014743589743589746,0.14153846153846156,7.418803418803418,712.2051282051282,0.005625000000000001,0.54,20.666666666666668,1984.0,79,17,0,0,10.0
21a401ad12c3345ca4c3210d5d3c69db10526b98,16,106,5577.14364640884,100.0,1,107,1016,0.007424713744684099,0.6042307692307692,142.13703347978625,2128.0,0.023839779005524864,0.99,237.2596685082873,2128.0,318,44,0,0,9.0
21ab308abfa9829fcac76f8286d624afae8848aa,8,41,5928.100775193799,100.0,1,42,521,0.013418604651162791,0.23666666666666666,72.98122308354866,1264.1777777777777,0.06922480620155039,0.55,283.06976744186045,2188.0,108,21,0,0,6.5
2290b12e40983b7635bc452c3b6e00c80549220a,14,92,4929.216802168022,100.0,1,93,922,0.00249847126676395,0.37699999999999995,35.99569175178931,2213.2,0.011382113821138212,0.53,105.23577235772358,2872.0,268,101,0,0,8.5
2290d198e0649ef4dcfb6cd22d36d87969fb7bfb,5,63,6362.978873239436,100.0,1,60,394,0.013485618501834216,0.6057692307692307,125.35534393948033,2128.0,0.018943661971830984,0.94,143.35211267605635,2128.0,119,23,0,0,10.0
22deb5e56e580b0b0353f10e076cad95a3b8e631,12,114,6455.664495114007,100.0,2,117,1354,0.022083321633403125,1.0234782608695654,784.2762076503823,80112.0,0.046840390879478826,1.05,1588.3778501628665,80112.0,286,21,0,0,10.0
22e1f50c4e471c3ba307802b396b7d0a16706005,6,91,5478.598214285715,100.0,1,90,855,0.035156364468864464,0.6057692307692308,108.73846153846155,1984.0,0.06732142857142857,0.95,203.71428571428572,1984.0,183,41,0,0,7.0
232cce96362898f08e9150ba244adaf2d6583ab2,11,98,5908.293859649123,100.0,1,98,578,0.00529672006102212,0.47565217391304343,18.69427917620137,1785.6,0.018508771929824565,1.04,64.35087719298245,2768.0,183,45,0,0,7.5
2383a9a33025aa8759fee9a890f6420df0fc8b47,2,6,4591.72,100.0,1,6,47,0.06674736842105262,0.445,2107.0143859649124,15398.0,0.1632,1.0,4409.28,35416.0,21,4,0,0,
2396ff874216d36060ef615c0531d71684b30b4f,5,63,6009.726851851852,100.0,1,63,785,0.016995132953466285,0.4399999999999999,122.0923076923077,1653.3333333333333,0.047314814814814816,0.62,257.18518518518516,1984.0,195,21,0,0,10.0
23d64bbdd55f11cb1d617be60d7b5901c5fda2e6,15,107,4499.681818181818,100.0,1,111,1233,0.013304403575722117,0.8042857142857143,130.20312415898792,6754.0,0.023863636363636365,1.05,195.28571428571428,11356.0,235,73,0,0,6.0
23e8b9776a349c810234bb174f7326d14c89bce5,3,10,6831.25,100.0,1,10,44,0.0,0.0,0.0,0.0,0.0,0.0,0.0,0.0,17,3,0,0,10.0
242788be909743713c5ade123c9f0b13cc4b2db6,1,4,3806.6666666666665,100.0,1,4,79,0.23794732872906246,0.6065384615384615,1031.7221560689052,2242.315789473684,0.425,0.94,1802.6666666666667,3424.0,6,0,0,0,7.5
2427d12cf7a43c66b921bdd9de261fb9b452b2b9,2,10,3118.027777777778,100.0,1,9,101,0.0,0.0,0.0,0.0,0.0,0.0,0.0,0.0,15,21,0,0,7.0
247df99ea72a42d6c12d6bd7b58ca0b2e163182e,10,94,4984.584,100.0,1,94,564,0.0019723636363636367,0.159,18.048387878787878,1984.0,0.00852,0.54,63.488,1984.0,179,71,0,0,8.5
248ff20c10b7d18c30fc84ce214936f5bb440e6e,3,34,7994.322033898305,100.0,1,34,47,0.0053389830508474585,0.053000000000000005,53.80338983050848,1984.0,0.05338983050847458,0.53,235.38983050847457,1984.0,52,7,0,0,
249c629226d7716b59d1841c45dbca54afe3c1a2,8,62,7119.208333333333,100.0,1,62,187,0.0,0.0,0.0,0.0,0.0,0.0,0.0,0.0,87,9,0,0,8.0
24a9bfba88ed640e9690cd9f6bf4a2985f78522b,8,65,5444.278260869565,100.0,1,65,225,0.0006385093167701864,0.032,83.6952380952381,1984.0,0.0026086956521739132,0.1,267.75652173913045,10044.0,83,32,0,0,9.0
251d2672c6ecd01a83e6fa19483d8e57ef5f45a5,10,67,5798.786476868328,100.0,1,75,1396,0.017159033086600887,1.02125,99.83229727281758,2298.896551724138,0.035658362989323844,1.05,213.72241992882562,3240.0,245,36,0,0,8.0
253471036c41eba7c24bbb6e77d4541c95bbb5b7,3,25,5436.434782608696,100.0,1,24,166,0.0,0.0,4.3130434782608695,198.4,0.0,0.0,43.130434782608695,1984.0,40,6,0,0,8.5
2536ee746de2df68642ecf71037409e47fa1941c,5,46,6185.145833333333,100.0,1,46,246,0.0038974358974358976,0.3161538461538462,28.162891737891737,1162.2222222222222,0.013958333333333331,0.76,83.79166666666667,2092.0,79,17,0,0,9.5
254f59f316c0c9e98ce4d4ac6cb1718aef6d9f00,5,46,4257.413407821229,100.0,1,46,676,0.003534348333231015,0.6030769230769231,75.84470501565474,2132.0,0.006201117318435753,0.94,180.35754189944134,10044.0,139,40,0,0,6.0
25501bb976f5234f69a8cb767dc5b4ab87a9021e,10,54,3724.3040293040294,100.0,1,54,1024,0.0070873015873015865,0.5189999999999999,42.87716727716728,1989.6,0.012783882783882785,0.54,75.6043956043956,2216.0,197,76,0,0,8.0
2572a6a2ba5183ab68c3da80b69071a6a05c3b84,19,111,4649.611973392462,100.0,1,111,1372,0.00946882438732528,0.5309999999999999,222.802954332996,58970.0,0.01793791574279379,1.02,453.25055432372505,83324.0,328,123,0,0,8.5
25fe3c7b5bf2d814b49ed3523b5a27c744ae5513,4,17,4453.522727272727,100.0,1,17,410,0.006840034965034964,0.6019230769230769,14.741258741258742,1297.2307692307693,0.010681818181818181,0.94,22.545454545454547,1984.0,76,12,0,0,8.5
26227f631ff63a4f02f7d69bda90131df9bab5dc,6,89,5732.534090909091,100.0,1,92,515,0.00030681818181818186,0.054000000000000006,12.4,1190.4,0.0030681818181818184,0.54,67.63636363636364,1984.0,151,25,0,0,9.0
263102b5e7fbad9de96373d99c0697d8db856bb0,1,2,2111.3333333333335,100.0,1,2,48,0.06543859649122809,0.36263157894736847,750.5263157894736,2521.684210526316,0.10000000000000002,0.54,1142.6666666666667,3428.0,4,2,0,0,9.5
26374d5fbb53e326323e8de92a0745452c1142cf,10,71,6621.55944055944,100.0,1,71,260,0.0061995395908439384,0.44739130434782604,32.97822177822178,2080.0,0.025944055944055945,1.04,151.35664335664336,11724.0,116,27,0,0,6.5
2639449829463fd12c2b9ba6fb9ea1c56e94385f,11,105,6027.883495145631,100.0,1,105,805,0.009647180248355517,0.7613333333333334,127.21825680706621,2053.1,0.03352750809061489,1.04,232.32362459546925,3552.0,263,46,0,0,9.0
2639f9f46c6949536c784118cbcd036cd00c075e,4,40,4871.90243902439,100.0,1,53,214,0.0021951219512195124,0.27,7.373983739837398,907.0,0.008455284552845528,1.04,31.024390243902438,3816.0,81,42,0,0,10.0
263d37689dbb1044d8118782303415a1eac550df,16,90,4068.669546436285,100.0,1,92,1926,0.027289115856204235,0.6053846153846153,249.80240212838225,10516.833333333334,0.06192224622030238,0.94,433.2095032397408,30104.0,356,107,0,0,7.0
26b95825d4fbeaeda7cfab5f5e7cd96ae31097f9,7,46,5304.6949152542375,100.0,1,47,1193,0.013268529728275493,0.5348888888888889,99.66695846526356,2184.0,0.03805084745762712,1.04,233.83050847457628,10044.0,200,36,0,0,8.5
26bf2e6d5a634712af2f46b7057a83a4052ce9b9,6,43,4499.163461538462,100.0,1,45,910,0.017344818376068376,0.5286666666666666,98.30787545787545,2188.0,0.042548076923076925,0.56,206.40384615384616,2644.0,169,39,0,0,8.5
26c932032169ad849d274427dcbdcfb190f843d8,5,52,5712.366071428572,100.0,1,52,414,0.04560714285714286,0.7506666666666668,152.34285714285713,1984.0,0.06732142857142857,1.08,194.85714285714286,1984.0,91,21,0,0,7.0
26cc2520b79b2222de0037a32fcaeb81c09f3002,7,22,3250.0,100.0,1,22,44,0.0,0.0,223.2,1984.0,0.0,0.0,223.2,1984.0,72,8,0,0,9.0
26cdb442f5361c690f8045caf5e026e7945e1965,11,86,3342.493617021277,100.0,1,86,1003,0.005800386847195358,0.3790909090909091,91.3255005986921,2133.714285714286,0.014170212765957447,0.54,256.1872340425532,10044.0,175,60,0,0,7.5
271c95c3471c6588b4b9ccda962ce197fc94a9b1,6,102,7673.32,100.0,1,107,178,0.0007000000000000001,0.053000000000000005,8.152000000000001,627.6,0.007,0.53,53.626666666666665,2092.0,132,18,0,0,9.0
2785407c3fa2ce2c79a914657d9a4610ae1e5078,11,59,5724.408450704225,100.0,1,59,737,0.017062241334183964,0.3192857142857143,252.57240025518968,8823.2,0.05830985915492959,0.64,2385.521126760563,278788.0,123,19,0,0,8.0
27ac09df014fc0454129c9953b06f2dd9b997fa9,10,67,6311.6954732510285,100.0,3,75,1362,0.03380410711781928,0.6026923076923076,293.81798130916906,13392.8,0.07938271604938271,1.05,542.3539094650206,13628.0,217,24,2,0,10.0
27d6037b0e6ff9972c80bf6192062f3f2e8b076f,7,93,3285.3764367816093,100.0,1,93,1011,0.001635057471264368,0.529,77.5735632183908,7030.8,0.0016954022988505749,0.55,110.74712643678161,10044.0,218,130,0,0,9.5
2813d0ddc37e34a25e798ebf8c8ecb2fc659e8b7,5,88,5953.286624203822,100.0,1,88,384,0.0004331210191082803,0.068,26.958811040339704,1984.0,0.003248407643312102,0.51,37.910828025477706,1984.0,131,26,0,0,8.5
2826a109ddc9b90686ec063ba1f90c72c655f8e7,4,61,5157.2464788732395,100.0,1,61,524,0.05979929577464789,0.531,309.1661971830986,2188.0,0.06211267605633803,0.61,422.3380281690141,10044.0,120,22,0,0,7.0
2852641e2b7b084ef62df976d53340ead50e5e76,7,77,7267.638888888889,100.0,1,77,122,0.0002777777777777778,0.015714285714285715,35.386243386243386,1921.142857142857,0.0015740740740740739,0.09,186.0,10044.0,90,18,0,0,9.0
2855b4b4d03c37c94117e615a25e0e321ec8d77a,1,5,6211.454545454545,100.0,1,5,84,0.06835526315789474,0.3779166666666667,3496.9338118022333,18532.5,0.15181818181818182,0.87,8786.545454545454,47180.0,11,0,0,0,
286ccf0d6187c170c299fa64d15a3705e7900a33,6,77,6232.07486631016,100.0,1,82,377,0.0,0.0,0.0,0.0,0.0,0.0,0.0,0.0,152,35,0,0,9.0
28940a6516bb354b4172fe3524f8b7328a5cf2fd,7,71,3668.786008230453,100.0,1,71,1117,0.020618642007043567,0.6076923076923076,475.30086660611823,38702.166666666664,0.05506172839506173,1.04,857.59670781893,83100.0,182,61,0,0,10.0
289a5bdde1fa9c49f221f19a10f636e81da724f5,6,94,5637.995901639344,100.0,1,95,677,0.005466267339218159,0.48500000000000004,123.5500630517024,2128.0,0.016311475409836067,0.54,164.39344262295083,2128.0,204,40,0,0,9.0
28a0f5e69c747c78015cf8fb0eac804b9a733bb2,11,93,5403.923076923077,100.0,1,92,729,0.011163675213675214,0.5216666666666667,92.43636363636364,1984.0,0.032461538461538465,1.04,206.03076923076924,1984.0,212,48,0,0,10.0
28a125bc7a4d79ba10eeb2abdaa878d46eea4b32,18,113,5948.617834394904,100.0,1,114,928,0.02181530013176007,0.8049999999999999,133.5568106940551,2242.1052631578946,0.04745222929936306,1.04,262.28025477707007,9672.0,273,41,0,0,7.5
28b6c6604b111cc912e369256cac2bf944041a2c,11,103,6057.848797250859,100.0,1,103,879,0.020763748851377717,0.6065384615384615,122.03788376571882,1984.0,0.0415807560137457,0.95,201.0446735395189,2256.0,252,39,0,0,10.0
28bcffd0bfcfb54b43119a7b5397a3bb53278e9a,5,47,3008.5,100.0,1,46,1108,0.015502754820936639,0.526,61.35316804407714,1984.0,0.018016528925619835,0.54,74.24793388429752,2096.0,158,84,0,0,8.0
299ff5851760da9a9d8b8f218dc82b573a397d51,17,109,5447.52602739726,100.0,2,111,1435,0.018265166476375508,0.8035714285714286,160.02013791572227,3961.8333333333335,0.03189041095890411,1.06,282.1041095890411,5140.0,306,59,0,0,9.5
29a9c1bfe53383e21dc534379f5fd64c4efd4305,9,65,3744.8677494199537,100.0,2,71,2095,0.018025052240239457,0.5719230769230769,346.0636564787617,11177.74358974359,0.04897911832946636,1.08,516.3712296983758,11896.0,296,135,0,0,9.0
29c9f517c368a528325a1e38b51adf368923bb04,5,70,5660.151351351351,100.0,1,70,404,0.0028162162162162162,0.437,191.25045045045047,1984.0,0.004,0.54,193.03783783783783,1984.0,159,26,0,0,9.0
29e04945ee56ed79c4e07198c0e66375428284de,5,59,6800.933774834437,100.0,1,59,265,3.3112582781456954e-05,0.004,159.4754966887417,10044.0,0.00013245033112582781,0.01,279.20529801324506,10044.0,129,22,0,0,10.0
2a6a418be08d9f0184a804b2700a0d58950b219c,5,45,4737.515151515152,100.0,1,45,386,0.007074462574462575,0.29583333333333334,114.74001554001553,2128.0,0.037575757575757575,0.54,264.8888888888889,2128.0,87,12,0,0,9.0
2a8f1b3e408879bc12a312938c32061d9e29a4e9,11,100,5025.6,100.0,1,100,1240,0.022770646766169154,0.642,201.88915422885572,5473.6,0.06146268656716418,1.07,371.6537313432836,9952.0,270,65,0,0,10.0
2a9497dcb278dde20143d0cb9a57e5cdf3763a8e,10,116,5203.566532258064,96.16935483870968,1,145,1420,0.015447270471464021,0.6061538461538462,287.7453347727541,32046.153846153848,0.04155241935483871,0.94,512.0322580645161,53824.0,422,74,0,0,9.0
2ad77f650b2381bbdcc0011fe5d9bcffcb109831,6,113,5202.511111111111,100.0,1,113,829,0.016280654895786475,0.5715384615384616,100.98976894450578,1984.0,0.036638888888888894,0.95,213.1,2644.0,267,93,0,0,7.5
2b1f3237bb60db7f72540e004a1596c7ff3fd549,11,104,5519.526984126984,100.0,1,104,911,0.016463017872759618,0.5680769230769231,980.6888141519589,158377.25714285715,0.05476190476190476,1.05,1907.720634920635,290496.0,258,57,0,0,9.0
2b96fc96ee2e0090a42957d84ccd09cda2c72b74,1,12,3757.5757575757575,100.0,1,12,126,0.0,0.0,0.0,0.0,0.0,0.0,0.0,0.0,25,8,0,0,9.0
2bae7a494d77c9c7cc0ccdc65a1915d25e31d2d5,12,125,4677.613496932516,100.0,1,133,2273,0.04305998332919547,0.7513333333333334,242.96205825530978,9039.6,0.08059304703476483,1.07,466.8629856850716,10044.0,395,94,0,0,9.5
2bfadd9c6a7bdbdd1ae792e0225b799ee67453a5,6,104,6210.89453125,100.0,1,107,672,0.03487011951320255,0.6080769230769231,997.7406484801319,44724.5,0.0766015625,1.04,1462.328125,83104.0,221,35,0,0,7.0
2c93a0edb553ae495ba9ca047361240c278f6cf8,5,44,2435.1619047619047,100.0,1,44,566,1.4285714285714285e-05,0.003,0.0,0.0,0.00014285714285714284,0.03,0.0,0.0,106,103,0,1,10.0
2cc30f03509be89ad3bfd483b2bd69c999798805,6,104,4906.720930232558,100.0,1,103,499,0.006758431266520246,0.421,827.2225113612374,128309.71428571429,0.016007751937984496,0.54,1669.4883720930231,236360.0,180,78,0,0,8.5
2cd5132c3c49bd9d4d5081e386a4d69a593f850a,16,108,4413.339530332681,100.0,1,111,4515,0.04267376727268103,0.7933333333333334,479.6693029593035,60741.73333333333,0.06948140900195696,1.09,853.7181996086106,124212.0,787,235,0,0,5.5
2cddc42a00117daf32501cba07d6dc181de7ed24,1,2,1406.25,100.0,1,2,87,0.056770833333333326,0.4541666666666666,5129.875,41039.0,0.13125,1.05,7557.5,60460.0,8,0,0,0,10.0
2d450fbabcb95dad1b49ce3a6c70ee6fd9ed6c68,9,60,4658.602272727273,100.0,1,67,1824,0.04247008746410996,0.5953448275862069,369.14655408374983,10044.0,0.11295454545454546,1.22,592.2727272727273,10044.0,222,42,0,0,8.0
2d621dbbe38ec756f71d3d1ff5b1f2de707330be,7,91,6380.931372549019,100.0,1,91,640,0.045866296349848984,0.5715384615384616,418.63907411817627,10044.0,0.08196078431372548,1.02,728.9607843137255,10044.0,182,22,0,0,10.0
2e171212b96d4d95e0857baadfdc55455113dfc5,5,111,4738.8707482993195,100.0,1,111,506,0.004493197278911565,0.4709999999999999,30.367346938775512,1984.0,0.019863945578231294,0.54,87.72789115646259,1984.0,187,107,0,0,9.5
2e1dbf534b47dc518c2d4d577d312f6969d9e6b9,2,10,4526.315789473684,100.0,1,10,84,0.005842105263157896,0.11100000000000002,31.326315789473686,595.2,0.027894736842105264,0.53,104.42105263157895,1984.0,17,2,0,0,6.0
2e22e4cd67d6f2e9f70782c69e67f4d15bee7d1d,6,121,3911.9702127659575,100.0,1,123,2260,0.010878063544020992,0.5290000000000001,285.489516535474,10044.0,0.020269503546099292,0.68,423.7503546099291,10044.0,517,188,0,0,9.0
2e2fe98cf7d490aba85a3eba367d9512bac08ce2,9,65,4578.337719298245,93.28947368421052,2,65,2488,0.042573706271620264,1.03,839.5017193024253,43521.64,0.0699561403508772,1.04,2168.0877192982457,100372.0,197,30,1,0,9.0
2e8b47e527548d947c688069d4a5c60ed67ace19,4,8,909.0909090909091,100.0,1,8,23,0.0,0.0,0.0,0.0,0.0,0.0,0.0,0.0,21,1,0,0,8.0
2ebc44186d8093752e9c9ad97b67114006718300,6,104,5133.514195583596,100.0,1,108,1024,0.014398541346490873,0.529,125.77490900266925,10044.0,0.023249211356466876,0.55,188.79495268138803,10044.0,255,62,0,0,7.0
2ecfee45346013cf126b75cfc8bdd2ba3b0c2666,4,65,550.0,100.0,1,65,313,0.0004416666666666667,0.053000000000000005,16.533333333333335,1785.6,0.004416666666666667,0.53,33.06666666666667,1984.0,40,80,0,0,5.0
2f2abfea66cd61a09939960e751666a2c0913430,6,49,5184.96644295302,95.30201342281879,1,63,620,1.6778523489932886e-06,0.00025,66.67344199424736,1785.6,6.711409395973155e-05,0.01,132.21476510067114,1984.0,133,16,0,0,10.0
2f465acb00ca28cf6a7ef4b71b4df1208eb8fc8c,12,67,6156.4324324324325,100.0,1,75,613,0.012530714780714781,0.6084615384615384,129.63205623205621,10044.0,0.04445945945945946,1.09,279.15315315315314,10044.0,190,32,0,0,10.0
2f4cbc9afdd23132d572c5f7a81b4e9b19b8081d,11,60,5214.87417218543,100.0,1,60,419,0.0015231788079470203,0.23000000000000007,39.70684326710817,1653.3333333333333,0.0035099337748344373,0.53,105.16556291390728,1988.0,120,31,0,0,9.5
2f7bdf97a5978e8b7a4b3f69a474540c0c38498e,3,22,5416.38961038961,100.0,1,22,226,0.0,0.0,0.0,0.0,0.0,0.0,0.0,0.0,62,15,0,0,1.5
2f7ef2d7fa25c0f8d9de0a5ca7301041b9d08e4d,7,96,4752.647249190939,100.0,1,96,985,0.021165504937349595,0.7333333333333334,291.1449213392103,32107.076923076922,0.04181229773462783,1.04,422.34304207119743,53824.0,235,74,0,0,9.5
2f968a678a61cc1179708dc2820405e288ca9c67,2,3,4356.0,100.0,1,3,122,0.21770833333333334,0.5291666666666667,1147.3333333333333,3928.0,0.7775000000000001,1.04,2465.0,5892.0,4,0,0,0,6.0
2fa2244e6e21b8799c5210d92f8966838a43783e,5,114,6181.975384615384,100.0,1,114,778,0.010977357001972388,0.5316666666666667,70.32829980276135,1984.0,0.04267692307692308,0.55,213.66153846153847,1984.0,287,38,0,0,9.0
2fa311a94bc0da6d97955730d071ad6fcc770bfd,4,46,6600.133928571428,100.0,1,46,298,0.017845238095238095,0.53,67.31428571428572,1984.0,0.019285714285714288,0.55,70.85714285714286,1984.0,100,12,0,0,
2fdf9d089409fcb9c3728b0a61bb0a00fcc85db8,14,74,3937.7260034904016,92.84467713787086,1,96,3408,0.06651484699128679,0.8042857142857142,557.1833656163499,9982.1,0.12387434554973822,1.09,1047.7347294938918,20728.0,441,132,0,0,9.0
2ffa1b41cbeda2e9683f9d608b9dccdc31323452,6,31,5595.573770491803,100.0,1,31,220,0.0,0.0,0.0,0.0,0.0,0.0,0.0,0.0,52,9,0,0,8.5
301483d94b9efd8e7d95ca45979a6583215c1d58,11,98,5648.631578947368,100.0,1,98,787,0.014351151708703195,0.8042857142857142,66.07353584630472,2310.3,0.024251012145748988,1.05,85.06882591093117,3428.0,205,42,0,0,10.0
3015441ae521554bb4d04b1e3bad620170a43d79,12,106,5181.1540342298285,100.0,1,106,1528,0.003573320526254512,0.43916666666666665,82.21649255390086,10044.0,0.006088019559902201,0.54,111.87286063569682,10044.0,338,71,0,0,8.5
308b8bd2a17694ea81d601d025d5cb4ea6fc1fba,1,1,1349.0,100.0,1,1,65,0.0,0.0,34.73015873015873,312.57142857142856,0.0,0.0,243.11111111111111,2188.0,6,3,0,0,10.0
309abbd71d6dc57c03605bdc4ffe90dce74c4f10,7,32,4867.038461538462,100.0,1,32,393,0.04071978021978022,0.5257142857142857,192.07252747252747,1984.0,0.043365384615384625,0.54,228.8846153846154,2644.0,80,24,0,0,7.5
30af7a50bb0bc62e730b65f59788dadf102d49b1,9,74,7393.248226950354,93.72340425531915,2,76,912,0.02500064460433649,1.0247798742138365,849.0968071797886,11981.786163522012,0.08028368794326242,1.06,1519.8297872340424,51068.0,134,7,0,0,10.0
315b83340476d3a8338543ccdc95dbc86bddb3ab,11,82,6351.113122171946,100.0,1,82,582,0.007460892049127344,0.528,49.49605688429218,1984.0,0.03153846153846154,0.54,179.5656108597285,7940.0,195,26,0,0,9.0
326a025b5c23347b9eb2c5ceae75a5908a461f69,4,43,5980.35294117647,100.0,1,43,178,0.004656862745098039,0.10900000000000001,19.45098039215686,595.2,0.030980392156862747,0.55,116.70588235294117,1984.0,80,22,0,0,
32991cd9c0115e4bd4387c8fa3ed559f4eba345e,10,57,6226.565789473684,100.0,1,62,503,0.0006907894736842106,0.053000000000000005,26.105263157894736,1785.6,0.006907894736842106,0.53,52.21052631578947,1984.0,139,13,0,0,6.0
32b47658ae606bb95f1bbf1e1dc86accc255e926,11,107,3951.3,100.0,1,107,1236,0.011085185185185186,0.605,177.37481185481184,32020.76923076923,0.025606060606060604,0.94,331.3090909090909,53692.0,241,89,0,0,10.0
32ccec47f44931be75b93c598cb145c4803be980,9,88,6277.777777777777,100.0,1,86,187,0.0,0.0,0.0,0.0,0.0,0.0,0.0,0.0,110,34,0,0,8.0
331639421af1df525391f1013c5363683efb9f68,4,63,4374.7468354430375,100.0,1,63,757,0.004236889692585895,0.5149999999999999,159.09637666599693,10044.0,0.00459915611814346,0.54,160.62447257383965,10044.0,174,63,0,0,9.0
334c7722802329509bf82a5cd7b4a38b5825cc42,13,104,6114.044280442805,100.0,1,105,1071,0.007258124724104384,0.32285714285714284,62.738418189376695,2008.8,0.022066420664206644,0.65,192.41328413284134,10044.0,245,26,0,0,7.0
334f25ceeca6e440b1210f205c253cdc8d25942e,7,85,3969.836565096953,100.0,1,85,1194,0.01094066190406765,0.523,113.67897583293413,7030.8,0.023130193905817175,0.55,277.4293628808864,10044.0,254,107,0,0,9.0
3399fb9cc4f115ff1d6a41cf169d8ebd200c3418,10,101,5069.640926640926,100.0,1,101,684,0.0045993465993466,0.5692307692307692,19.4829803401232,1220.923076923077,0.009961389961389962,1.04,53.08108108108108,1984.0,191,68,0,0,10.0
339fff79c43561c995b29972a962ccec846c599f,4,50,7387.115789473684,100.0,1,50,144,0.0021578947368421056,0.052000000000000005,8.353684210526316,198.4,0.02157894736842105,0.52,83.53684210526316,1984.0,83,12,0,0,
33b16210a7736a6f75ef1b1f3cb7070a4d29395e,11,105,3870.371812080537,100.0,1,108,2737,0.023113684302274905,0.6053846153846153,198.28490852920382,10044.0,0.062067114093959735,1.05,367.6832214765101,10044.0,546,199,0,0,9.0
33b6ac5e8631fb9ee19cfaf3dd4a93928d47bcc3,11,105,6293.366379310345,100.0,1,105,720,0.023681079696165903,0.6046153846153847,122.67861563723633,3781.714285714286,0.038060344827586204,0.95,205.77586206896552,10044.0,199,33,0,0,7.0
33c1babbdbffe79f6f16e085a78ebd0b2a7b3a65,12,71,5668.149377593361,100.0,2,74,1197,0.031570863868267685,0.5915384615384615,342.906622894482,11541.23076923077,0.09713692946058092,0.95,643.4190871369294,11968.0,207,34,0,0,8.0
33c8bfb97b43132f0054b97a2ebb0f5f3768031d,7,59,6282.035175879397,100.0,1,62,857,0.02263198225560035,0.6069230769230769,153.9956574079187,10044.0,0.0664824120603015,0.94,334.99497487437185,10044.0,185,14,0,0,9.0
33c9e776300c7de11e0736b069b8e5042372d418,10,67,6312.673913043478,100.0,1,75,1261,0.019639752750939342,0.5711538461538461,133.89856160010146,2397.846153846154,0.04800724637681159,0.96,362.1304347826087,4208.0,252,24,0,0,9.0
33ead7fc0a3cd59c67bb412d705c5f5b9cedccfe,6,118,3872.863070539419,100.0,2,124,1837,0.008400494733482287,0.5249999999999999,100.64988087062777,12502.6,0.028360995850622406,0.66,195.71784232365144,14460.0,354,128,0,0,8.5
34283eb36b1b51da5126f973e69199151b8f26c2,12,102,6540.783505154639,100.0,1,102,476,0.011528718703976436,0.554,74.38026509572902,5770.0,0.02505154639175258,1.04,146.76288659793815,5772.0,162,32,0,0,9.5
346583cc308681a50145af444a26fb217df305c3,10,57,5784.087628865979,88.14432989690722,1,72,638,0.045988910662340086,0.6023076923076923,247.30774902985146,10044.0,0.09835051546391751,1.04,440.0618556701031,10044.0,157,36,0,1,10.0
3469c710d9f5a4ef230caca3f99b1ed21411732d,8,100,6203.4639175257735,100.0,1,100,277,0.009982999025595572,0.41608695652173916,130.86807114500385,3330.1666666666665,0.020515463917525772,1.04,228.51546391752578,10044.0,148,46,0,0,9.5
347b6f40dbac97bd24c857f37744f2c4fd590cc8,9,64,6047.731543624161,100.0,1,69,670,0.02114871911321929,0.43500000000000005,280.702324862233,10044.0,0.04986577181208054,1.06,382.09395973154363,10044.0,132,17,0,0,9.0
34a00f81f528b38404f04d9a360e73fb17b62031,9,51,5547.84705882353,95.29411764705883,1,66,387,0.012945339026298778,0.5219999999999999,687.4903403304642,10044.0,0.02911764705882353,1.04,731.8117647058823,10044.0,140,30,0,0,10.0
34a187324e5c8bb2723a6f51a038acfef94a7538,7,52,5881.877675840979,100.0,1,55,1055,0.026678742256723908,0.5026923076923077,147.19372696620403,1984.0,0.06776758409785932,0.94,285.16207951070334,1984.0,273,54,0,0,9.5
34b6d0f0fe1617146945db60df615d0d9bb3a4d1,5,63,3902.7491856677525,100.0,1,64,1441,0.020131921824104237,0.5290000000000001,140.64838614154573,1984.0,0.02641693811074919,0.55,187.41368078175896,1984.0,249,58,0,0,10.0
34f6fd0da81e68652a26b633fcb7d4d4169e2e75,11,74,4220.057065217391,98.34239130434783,1,77,5751,0.06365307645756016,1.0286666666666666,517.1154397104922,12479.28,0.14057065217391304,1.15,1329.891304347826,22608.0,314,54,0,0,9.0
34ffbe3d2820a74472b93e9dcabc0e17f75e779c,5,19,3878.2708333333335,100.0,1,19,125,0.007927631578947368,0.3805263157894737,46.71491228070175,2242.315789473684,0.011250000000000001,0.54,71.33333333333333,3424.0,31,17,0,0,9.5
357ec20d8f9f416f9b02b0f54a81d3f409d074e9,8,99,4765.161585365854,97.5609756097561,1,108,866,0.007354648400380108,0.4521428571428573,87.75961355717453,1987.6,0.02628048780487805,0.6,169.47560975609755,2008.0,249,79,0,0,9.0
358cf36e763ba00426124c74961d59614fd9476a,4,63,5229.705627705628,100.0,1,63,730,0.026322295309308297,1.02,226.1560915275201,2542.8571428571427,0.04264069264069264,1.04,265.28138528138527,5728.0,195,36,0,0,9.0
35cc3e4b8108e6eb405c96afabb167d6c0f9b50c,6,113,5734.647239263803,100.0,1,118,933,0.005084867075664622,0.516,82.27934560327198,2128.0,0.027791411042944785,0.61,193.55828220858896,10044.0,282,44,0,0,9.5
363d3494b7918fffc4e59beed6c76eb7d05b2c64,11,84,6298.816326530612,100.0,1,84,429,0.009652668759811618,0.605,52.26970172684459,2128.0,0.04448979591836735,0.94,204.46938775510205,2128.0,164,32,0,0,4.5
363f5d64f8c70c78376d1b5f9485511daa5a9d8c,7,38,4441.365591397849,100.0,1,43,1358,0.04117695983825016,0.9250000000000002,311.98224953063664,3342.285714285714,0.08652329749103943,0.99,512.7311827956989,6160.0,228,51,0,0,5.5
36a292355e4b31b866da368ac2bc7902a72d4db2,5,53,5079.24183006536,100.0,1,53,328,0.003925303454715219,0.21142857142857144,224.06797385620916,10044.0,0.009477124183006535,0.49,409.5947712418301,10044.0,112,41,0,0,10.0
36dbfe4759f861ee72011812df2178cbbfd736a1,3,37,6984.476744186047,100.0,1,37,138,0.005406976744186047,0.054000000000000006,67.47906976744186,2008.8,0.05406976744186047,0.54,441.2093023255814,10044.0,74,12,0,0,
36f6af52bd08c15b005618724931a558fa7049f6,4,50,3957.7204301075267,100.0,1,50,933,0.019574756784434204,0.5280000000000001,235.85243215565797,10044.0,0.024892473118279575,0.64,304.40860215053766,10044.0,136,50,0,0,8.0
370a904c5a7deb4ae08f111c87564b0180d572b4,5,13,3666.6666666666665,100.0,1,13,87,0.0,0.0,0.0,0.0,0.0,0.0,0.0,0.0,19,11,0,0,0.0
371922831538deb39791562bd384acdf91531999,7,29,5480.3015873015875,100.0,1,29,267,0.044606280658912235,0.8057142857142855,153.06990798118616,1896.2105263157894,0.08206349206349206,1.07,213.84126984126985,2768.0,50,13,0,0,7.5
374725662b17c0d200a5d372579406bb4d830bb5,12,84,5257.52329749104,100.0,1,85,755,0.013524492234169653,0.3578947368421053,100.6232786266742,2522.315789473684,0.02121863799283154,0.55,129.08960573476702,3428.0,215,64,0,0,5.5
37593f2cd1d978efb79e32ed6981b74ad8523ebd,11,105,5036.995391705069,100.0,1,105,1602,0.021300439192144263,0.605,114.43013699050566,10044.0,0.04430875576036866,1.04,172.7557603686636,10044.0,357,77,0,0,10.0
37fd8930995a4978e8378d28a84e0aaf3ad85c2d,9,74,5850.751552795031,100.0,1,74,469,0.0019689440993788825,0.054000000000000006,34.504347826086956,1984.0,0.01968944099378882,0.54,98.58385093167702,1984.0,140,21,0,0,9.5
37ff40068998a37a4e2c73bbb325103500cdb0e0,5,51,7486.515789473684,100.0,1,51,181,0.00818468899521531,0.44299999999999995,89.16618819776716,2128.0,0.011473684210526316,0.55,126.82105263157895,2128.0,88,7,0,0,9.0
3822d529be3c7a49da411682207b471d61822610,10,57,5575.892682926829,93.17073170731707,1,72,958,0.07179975924802626,0.8783333333333334,342.5810328823936,6694.171428571429,0.12380487804878049,1.15,525.9707317073171,11368.0,176,29,0,0,9.0
38397f1c58351146edd1787b0501bbdb31834abd,6,43,6333.486486486487,100.0,1,46,284,0.0008815958815958817,0.09785714285714286,58.76447876447877,1988.0,0.0048648648648648655,0.54,71.53153153153153,1988.0,97,14,0,0,7.0
3841fabcde0188d8dc9b3060cacffafa3450ec85,7,115,5996.244252873563,100.0,1,132,1367,0.03606505740165391,0.8116666666666669,288.6350265680732,6420.5,0.05991379310344827,1.04,461.4367816091954,8112.0,304,44,0,0,6.0
3853851c5433317284f37cd530d642560effc35a,9,74,5913.56277056277,100.0,1,74,781,0.030278252912399255,0.5236585365853659,165.4807648410436,1984.0,0.11034632034632036,0.68,430.7878787878788,2296.0,181,50,0,0,7.5
3886b365ce33e5988c6c8a73eed09ac8a7c784bf,11,99,3939.9286926994905,100.0,1,99,2646,0.014053844288139704,0.5574285714285714,73.21587840569164,3781.714285714286,0.03607809847198642,1.05,160.937181663837,10044.0,444,145,0,0,9.5
388c0aed9f437cb576f998892257a1a9410d1a2e,4,63,2701.0789473684213,100.0,1,63,2119,0.022152882205513785,0.531,225.6552850658114,10044.0,0.04319078947368421,0.64,330.3881578947368,10044.0,367,241,0,0,9.0
390881963c5fbcde08d9cbc2ec73846bd8eabaa2,13,95,5660.443514644351,100.0,1,95,462,0.00021338912133891214,0.051000000000000004,21.364809513323056,1984.0,0.002133891213389121,0.51,33.20502092050209,1984.0,180,59,0,0,6.5
391d18cff3df066db6fcc8dad718d325607e5493,5,59,3752.0401459854015,100.0,1,59,890,0.008837388483373886,0.5360000000000001,258.64205559242055,10044.0,0.01208029197080292,0.58,343.036496350365,10044.0,183,91,0,0,9.0
3949c822529f6d98d518b762c7b49b030685ddda,12,76,4315.021052631579,100.0,1,77,906,0.0007508771929824562,0.054000000000000006,130.7293567251462,10044.0,0.007508771929824562,0.54,160.54736842105262,10044.0,223,62,0,0,6.0
394f4eb7fa3337f92a1148e8e9ba1727995bc8f5,4,7,5833.333333333333,100.0,1,7,5,0.0,0.0,0.0,0.0,0.0,0.0,0.0,0.0,12,0,0,0,9.0
3954b15205238530f2cb3b66db735fad6d0c8fda,9,61,4868.558823529412,95.29411764705883,1,76,535,0.029865808062355375,0.8635714285714284,225.08027908646298,2567.0,0.05435294117647059,1.1,307.9294117647059,3428.0,138,32,0,0,10.0
39713cf2db02601e4bd6360ba70f8013c0433f48,4,34,7625.0,100.0,1,34,34,0.0,0.0,41.333333333333336,1984.0,0.0,0.0,41.333333333333336,1984.0,41,7,0,0,
39ab839c37c0269b14691b473ad894ba12e1afbc,12,84,6570.014851485149,100.0,1,89,557,0.007925388967468175,0.4875,179.58518573661877,10044.0,0.030000000000000002,0.54,435.4257425742574,10044.0,188,14,0,0,6.5
39abf25961f2094474ac7c9d9d85735ecfaa10f8,1,1,0.0,100.0,1,1,0,0.0,0.0,0.0,0.0,0.0,0.0,0.0,0.0,0,7,0,0,5.0
3a1431fdc38caa2d40fdd0df60f76683af53a729,12,69,5209.979411764706,100.0,1,80,1930,0.023313094987168863,0.6061538461538462,190.55984186310292,3459.6,0.043323529411764705,1.11,414.8235294117647,9332.0,302,38,0,0,10.0
3a25a7b40408f3636b36d763cadc72c5ae6b628e,10,87,5166.387387387387,100.0,1,87,705,0.0004806949806949807,0.054000000000000006,46.35469755469755,2128.0,0.0047747747747747754,0.54,72.14414414414415,2128.0,180,42,0,0,8.0
3a27f4f6ce9cc005a8f1a5f7441d26db75c9cd2c,11,94,4987.339694656489,100.0,1,97,1293,0.027253318143388803,0.5680769230769231,515.3299446342374,38925.6,0.05091603053435115,1.04,822.8396946564885,48144.0,216,46,0,0,10.0
3a3cf426569ff3ed1638fefb8d0a7bca73e0bdb7,2,29,5098.950617283951,100.0,1,29,196,0.0,0.0,10.528395061728395,852.8,0.0,0.0,26.320987654320987,2132.0,58,23,0,0,7.0
3b0e56cb91cf7c26836c7fe857ef2fef62c2031f,1,2,2280.3333333333335,100.0,1,2,64,0.17929824561403507,0.36105263157894735,1149.6491228070174,2443.3684210526317,0.27,0.54,1722.0,3704.0,5,1,0,0,8.5
3b24016cbab8b8632a54240fed0a17406b35bc65,10,69,3762.8744292237443,100.0,1,77,2783,0.04738812769697681,1.028125,317.73436259757517,10044.0,0.0884703196347032,1.05,545.5068493150685,17056.0,322,116,0,0,9.5
3b3559f14b77090ee6063be193efe80b19bcc591,11,100,4025.241329479769,100.0,1,100,2620,0.01118530743745936,0.837857142857143,94.473133354875,8432.0,0.0367485549132948,1.05,256.3468208092485,10044.0,514,178,0,0,8.5
3b5d744051772f15e4bc3167d749711fa798b0c1,5,32,6419.171428571429,100.0,1,34,177,0.0,0.0,8.502857142857144,595.2,0.0,0.0,28.34285714285714,1984.0,60,10,0,0,5.0
3b951429b4166a9149480e360687549e1069a209,7,46,6404.066666666667,100.0,1,47,674,0.03491003663003663,0.5707692307692308,403.6366202686203,32888.61538461538,0.07906666666666666,0.94,998.2666666666667,81536.0,141,9,0,0,4.5
3bdad6ba65de3948b9939ebd98d80b03fe3f8e93,14,82,4392.399390243902,100.0,2,83,1107,0.02403377727856226,0.807142857142857,235.49308943089432,7600.571428571428,0.08414634146341464,1.05,379.4634146341463,9676.0,240,88,0,0,6.0
3be1500e597852e42bb7fe17591b933e0bb44f93,5,54,6827.881818181818,100.0,1,54,228,0.003942424242424241,0.43366666666666653,16.833939393939396,1653.3333333333333,0.00490909090909091,0.54,36.07272727272727,1984.0,95,15,0,0,7.5
3c499f0944773b5ae529a4356d92df5ce8ca7c0c,5,54,2797.0661764705883,100.0,1,54,1358,0.004419642857142857,0.525,34.90756302521009,1984.0,0.007941176470588236,0.55,51.05882352941177,1984.0,203,69,0,0,10.0
3caf61bb383eed4daa553e074208e84cdbdd7df0,7,21,2185.185185185185,100.0,1,21,98,0.1905925925925926,0.54,793.6,1984.0,0.1905925925925926,0.54,793.6,1984.0,123,12,0,0,9.0
3cde31c0a8378da5d6c2767652ec108deb9135a6,12,116,5235.087628865979,100.0,1,117,1469,0.01461987591898064,0.5734615384615385,115.6129490693788,3149.6,0.03556701030927835,0.99,252.8659793814433,8380.0,315,73,0,0,10.0
3d085aa7161eb03884e0a1e98d90f8d46e030d1a,4,61,4013.278481012658,100.0,1,61,747,0.0035654008438818574,0.17428571428571432,80.62125778581475,2266.285714285714,0.011097046413502109,0.54,211.52742616033754,5652.0,168,69,0,0,9.0
3d0c27e5e776d4ebe788c50a8da1a1c9215ae25a,5,71,6986.255474452555,100.0,1,76,223,0.0017495788882650198,0.08615384615384616,30.391914654688378,658.4615384615385,0.012554744525547447,0.54,147.15328467153284,2140.0,118,19,0,0,9.0
3d185c0c28fcae1ca2f5876a8e2e6681b38e5af7,9,52,5158.597402597403,96.75324675324676,1,67,744,0.03936155323373369,0.7316666666666668,164.77152121061894,2240.842105263158,0.058636363636363646,1.07,247.8961038961039,3548.0,131,23,0,0,10.0
3d1c486e68c08c272379fe7eeec4d38e75f54ae8,4,53,3856.785185185185,100.0,1,53,468,0.0012645502645502646,0.16571428571428573,21.441975308641975,2564.0,0.004148148148148148,0.54,58.31111111111111,5888.0,99,36,0,0,9.0
3d4f612148056feeb651f4711c1f640f5015101a,1,1,0.0,100.0,1,1,0,0.0,0.0,0.0,0.0,0.0,0.0,0.0,0.0,0,4,0,0,
3d8d3a121d5e9126056c0676ac7ad2661696a572,14,93,5573.185873605948,100.0,1,93,619,0.003268808638697115,0.23583333333333334,35.7184634448575,1984.0,0.010037174721189592,0.54,93.88847583643123,8832.0,208,61,0,0,8.5
3d8d550e8b7d9a0629bdd8e0ae73f8f0ac74b1a6,6,44,6856.586666666667,100.0,1,46,208,0.0014000000000000002,0.053000000000000005,5.290666666666667,198.4,0.014,0.53,52.906666666666666,1984.0,68,7,0,0,9.5
3d9b6ed975620e48ca0a5aee5fd19f5db1db3b18,10,74,6581.205761316873,98.14814814814815,1,76,2457,0.059650568169205054,0.9449999999999998,1140.2853254857673,21629.92,0.18218106995884775,1.09,2664.0,53340.0,236,7,0,0,9.5
3d9f8d11f15cce877a0766d08a6a920548041407,11,104,6619.005747126437,100.0,1,104,441,0.020182947975597706,0.7283333333333335,111.59154855025999,2336.6315789473683,0.03982758620689655,1.05,211.83908045977012,3552.0,152,22,0,0,9.0
3dd2f099bd4cba1acad185a78c773972d450a899,11,97,5688.6568914956015,100.0,1,97,894,0.007152841781874041,0.23416666666666672,90.17734953218825,3113.3714285714286,0.05501466275659825,0.55,310.22873900293257,5936.0,272,69,0,0,10.0
3e19ebd05fd2cc465feff2f681011181a78e1341,10,46,4470.181818181818,100.0,1,46,238,0.0262830165004078,0.8071428571428569,61.485915051132444,1558.857142857143,0.04212121212121212,1.05,96.0,2768.0,63,36,0,0,10.0
3e572871d05f7888784ac55985fd52cd1c7aaa68,8,60,5778.529411764706,100.0,1,63,320,0.010314372276688452,1.025625,69.19389978213508,1984.0,0.015441176470588236,1.04,219.05882352941177,9952.0,102,34,0,0,8.0
3e72f16a86233e81ccc2c9831c0297da6cca36e6,16,103,5811.576158940397,100.0,1,104,745,0.0080600756859035,0.525,43.30823084200568,1984.0,0.019205298013245036,1.04,81.35099337748345,2744.0,246,56,0,0,7.5
3ee8b93a31b564cdb14f3d62f08dd862461e0918,6,76,4370.386973180077,100.0,1,76,752,0.02331798679575449,0.9416666666666668,269.278447494116,16643.666666666668,0.032681992337164754,1.04,366.8352490421456,21388.0,176,85,0,0,8.5
3f679f9f5c3b6c2a026bc0575cf7d5f3351a8db1,15,99,5685.198275862069,100.0,1,99,820,0.027524867374005304,0.8035714285714285,96.80247977174955,2140.0,0.045000000000000005,1.04,183.31034482758622,2216.0,207,25,0,0,5.5
3f92f0a8c1729579c08e921fc041646ee2b50075,12,80,4600.825136612022,100.0,1,80,318,0.0,0.0,0.0,0.0,0.0,0.0,0.0,0.0,116,67,0,0,6.0
3fb53c585faf97ed5b0ecb316a4b419c969b790a,5,57,6635.548076923077,100.0,1,62,200,0.004844780219780219,0.471,41.50989010989011,1785.6,0.007019230769230769,0.54,139.73076923076923,6336.0,87,17,0,0,9.0
3fcc971a36a031eba3d5b8ce7a9181a4732a6cf0,5,89,6291.26368159204,100.0,1,94,483,0.010419568822553897,0.5229999999999999,86.20364842454396,1984.0,0.02900497512437811,0.54,128.318407960199,1984.0,174,27,0,0,8.5
40291da6897472b56a7ce6a0721a801b5014d3c7,13,77,2936.9380733944954,100.0,1,78,1675,0.01868781855249745,0.5299999999999999,169.3645259938838,9039.6,0.028944954128440368,0.67,201.57798165137615,10044.0,298,138,0,0,7.5
404b067bd1dc212fb28d256714a9dc430d5e65af,9,64,6668.834170854271,98.19095477386935,2,65,1209,0.015770591906206458,0.6076923076923076,451.9517595085883,11200.2,0.0478894472361809,1.05,1316.9849246231156,37296.0,187,12,0,0,9.5
4058bd26eee2f8affafaefd2b59b97c358e826cc,6,100,5238.824503311258,100.0,1,103,983,0.020889624724061813,0.7603333333333334,113.2150110375276,1984.0,0.03850993377483444,1.05,170.80794701986756,1984.0,246,56,0,0,7.0
4069b40bebe0372926fcd92429f7431e300e6b52,19,119,6826.497991967872,100.0,1,119,659,0.012693411072964282,0.7296666666666668,108.19758592010825,2053.1,0.037630522088353414,1.04,244.5140562248996,3552.0,214,35,0,0,9.0
40741b5b2ac93f9d0eacd4a28b48508be0a378f9,9,35,3339.622641509434,100.0,1,35,306,0.0179622641509434,0.534,67.3811320754717,1984.0,0.035566037735849064,0.55,131.0188679245283,1984.0,67,39,0,0,5.5
40a41a33c4e0168e2716a09cecc11cc3abb5dbe0,2,2,4685.384615384615,100.0,1,1,100,0.02861538461538462,0.3411428571428572,217.75824175824178,1415.6571428571428,0.07615384615384616,0.9,406.7692307692308,2644.0,10,3,0,0,10.0
40c0843e6cba7960b4a4fc631d0831b9242a9778,6,29,5839.682926829269,100.0,1,29,58,0.0,0.0,0.0,0.0,0.0,0.0,0.0,0.0,29,12,0,0,8.5
40d6052a7ccec94dae8348e5249381afabbbc985,10,61,5277.577922077922,100.0,1,68,595,0.008025501836924251,0.2916666666666667,128.35413861817804,1984.0,0.02564935064935065,0.54,213.76623376623377,3160.0,122,32,0,0,9.0
40db6a6bd27b7f2fccb0ab0e4b97b2e64d5e79a2,9,53,3123.169278996865,93.41692789968653,1,66,1542,0.041782383291911425,0.5588571428571429,287.7503530683204,4670.4,0.05589341692789969,1.05,477.3542319749216,10044.0,231,88,0,0,0.0
410357eb9129023509cfaf8d38be61c050bb3b05,2,16,4800.604651162791,100.0,1,16,71,0.0,0.0,0.0,0.0,0.0,0.0,0.0,0.0,27,16,0,0,
41438ca9420c379467e8ca3456fc003d76bc99e2,10,95,4702.71768707483,100.0,1,95,985,0.012725785552316165,1.0219999999999998,75.41921842330005,1984.0,0.01850340136054422,1.04,119.51020408163265,6100.0,233,61,0,0,10.0
414a76fbb610cfb396dc7177dfe67944fd7175f2,7,64,5272.366666666667,100.0,1,63,719,0.008983786848072562,0.5259999999999999,120.19541950113378,9541.8,0.011190476190476192,0.68,131.71428571428572,10044.0,173,37,0,0,9.0
4178750f206a91c5b1cf0c5ac6a4021d23912736,5,38,4536.2786885245905,100.0,1,38,393,0.01715573770491803,0.527,65.04918032786885,1984.0,0.017704918032786888,0.54,65.04918032786885,1984.0,92,30,0,0,9.0
41834c311cf35264cb9e6357eae499b95edb73b5,11,102,5185.955555555555,100.0,1,102,1466,0.007368136645962734,0.523,104.6216259489303,2207.4285714285716,0.040622222222222226,1.04,270.19555555555553,10044.0,370,80,0,0,8.5
41c2ea992ebadf309d399ecabb99fba4487e2920,5,71,5650.232323232323,100.0,1,71,583,0.011498316498316497,0.526,73.48148148148148,1984.0,0.013686868686868687,0.55,150.3030303030303,1984.0,161,37,0,0,9.0
4203f7e50c4e403622aeb1b6d39ca45285510aa8,10,72,3812.1253071253072,94.63144963144963,2,73,5195,0.09445331370897984,1.0257142857142858,710.5608511479356,60223.2,0.18901719901719904,1.11,1602.5552825552825,100372.0,347,60,0,0,9.0
42510054a233b7b56beccee99fdd4543c3cff388,5,59,4599.875939849624,100.0,1,59,910,0.00925438596491228,0.53,42.958897243107764,1984.0,0.010225563909774436,0.55,51.68421052631579,1984.0,202,64,0,0,8.0
42fedf0a6f68d54738709e096f9352ccb17dc072,10,87,4586.102661596959,100.0,1,87,1265,0.02141524841644914,0.7326666666666669,253.6017856867967,12028.8,0.039619771863117874,1.05,432.88212927756655,22176.0,216,47,0,0,9.0
440a4bdda60ec044e91b9e5ee5c478c20bbbaf7e,7,102,5541.91091954023,100.0,1,116,1355,0.04847264575009584,1.0236666666666667,1040.7776909116292,47283.78947368421,0.07810344827586206,1.04,1434.0,81672.0,289,59,0,0,7.0
440e56298b04156381c3f648f175b8697135845b,10,64,5199.182795698925,100.0,1,64,485,0.007109831029185869,0.528,300.69185867895544,10044.0,0.012096774193548387,0.54,389.505376344086,10044.0,139,47,0,0,9.5
442024511cb1c5761a86578910e28f236daceb2e,6,107,5779.333333333333,100.0,1,111,533,0.0009664505354160526,0.053000000000000005,6.868913121786685,418.4,0.010459770114942528,0.54,68.82758620689656,2092.0,201,60,0,0,9.5
44327e7dea2e5f69fea97c9333f7cd64484303c5,1,8,6333.333333333333,100.0,1,7,24,0.04366666666666666,0.5239999999999999,165.33333333333334,1984.0,0.045000000000000005,0.54,165.33333333333334,1984.0,10,2,0,0,10.0
44557bbbb5013bd2d980dff1f4b5f6b47cb1363d,6,26,6283.018867924528,100.0,1,26,95,0.0011886792452830192,0.06300000000000001,764.9433962264151,39748.4,0.0016981132075471698,0.09,1003.8490566037735,51220.0,51,2,0,0,9.0
4455e671bb93d6652e42fc0925b3cc47cbf6326a,6,48,5628.835051546392,86.5979381443299,1,48,404,0.008271477663230239,0.4363333333333332,33.41168384879725,1653.3333333333333,0.021958762886597937,0.55,102.30927835051547,1988.0,91,6,0,0,10.0
448866b737d07d7d184e7c1111b8f50d1b8fe91b,15,48,4696.951923076923,100.0,1,48,522,0.10569187633447162,0.8092857142857142,348.9459954728791,2567.6,0.17076923076923078,1.04,657.2692307692307,3428.0,82,22,0,0,7.0
448e09eb2299c7bc3435e9a680e5e7e81b6d732f,6,18,4378.378378378378,100.0,1,18,87,0.002864864864864865,0.10600000000000001,10.724324324324325,396.8,0.014594594594594595,0.54,53.62162162162162,1984.0,35,2,0,0,8.0
44ede8e2b591b3b54fc25469d50e442459da73f6,5,70,6146.360655737705,100.0,1,70,679,0.018153005464480874,0.527,132.67322404371586,6026.4,0.020655737704918034,0.54,195.82513661202185,10044.0,168,15,0,0,9.0
45147b7f31a588b0c4245845675f7856f4dfae30,5,34,3679.930693069307,100.0,1,34,331,0.017195408551844194,0.605,133.52301164182353,10044.0,0.024950495049504952,0.94,165.4257425742574,10044.0,65,36,0,0,9.0
4528fc0fa6d591a221aba2cd316264877b73bbb9,3,20,1403.5087719298247,100.0,1,20,128,0.0,0.0,0.0,0.0,0.0,0.0,0.0,0.0,20,37,0,0,5.0
454c509567c0f19453009731315e3db245a8c756,11,98,4712.413669064748,100.0,1,98,833,0.0018751284686536487,0.24500000000000002,58.49866392600205,1984.0,0.004028776978417267,0.53,71.35251798561151,2644.0,212,66,0,0,10.0
456ba3f2e4bccbd1146955cb3f0438260a04f7ff,3,59,7525.1720430107525,100.0,1,59,141,0.0,0.0,0.0,0.0,0.0,0.0,0.0,0.0,83,10,0,0,6.0
4586b41a1f104874583010a544bdd65113d2666c,9,56,6636.132352941177,90.44117647058823,1,71,483,0.030477701606958573,0.76875,292.00375202712667,3447.9,0.05654411764705883,1.05,435.5882352941176,5108.0,116,20,0,0,10.0
45e8b53fe4fc590dd9c7564fe2c6fa3ede58fbea,5,113,3604.070460704607,100.0,1,114,2834,0.03094581682996317,0.533,230.2520742130498,10044.0,0.04585365853658537,0.58,304.98644986449864,10044.0,567,171,0,0,9.0
463ef2266d31ca7f0bca92bfcc9ae7301addb58b,9,46,4676.51376146789,100.0,1,52,516,0.016855945659844742,0.555,213.70959774170782,2128.0,0.028715596330275227,0.94,284.55045871559633,2376.0,93,16,0,0,7.0
4644e181d653c04f17f76eed400fdf52a43b2237,1,1,0.0,100.0,1,1,26,0.923846153846154,0.923846153846154,1984.0,1984.0,0.95,0.95,1984.0,1984.0,1,0,0,0,10.0
469c5d7634f0e3277f7bc8edfb3d9eb291fc6199,12,112,5939.8277027027025,100.0,1,112,891,0.0025257400257400263,0.5383333333333334,71.28056628056628,5250.628571428571,0.005337837837837838,1.06,134.6216216216216,9676.0,254,42,0,0,10.0
46bd0614cd76a4fa3af7d06e5feae3db673a43a1,8,43,5877.864,100.0,1,44,438,0.01654260805860806,0.2966666666666667,222.82542417582417,3399.230769230769,0.0492,0.54,401.248,5892.0,105,20,0,0,8.5
46c1ebc62f7d6b099a6696755c9be3b984d2a27a,11,104,5622.398340248963,100.0,1,104,619,0.008457075848560605,0.4839130434782609,90.02801333611364,2208.0,0.04236514522821577,1.04,331.33609958506224,10044.0,193,48,0,0,8.5
46c49850a9aa3be9f66161090ac1f0a8796b19ff,8,54,5888.731092436975,100.0,1,58,276,0.0008907563025210085,0.053000000000000005,172.14117647058822,10044.0,0.008823529411764706,0.53,202.15126050420167,10044.0,98,21,0,0,7.0
470647470caa15468e461e105a8ecd3b25a912f0,6,45,5197.589928057554,100.0,1,45,622,0.030059776354740383,0.5657692307692308,182.25946363788088,1984.0,0.05410071942446044,0.94,347.45323741007195,4532.0,109,30,0,0,7.5
47aceb292c673f98f059ec36af314cb1c8894405,6,43,5686.855072463768,100.0,1,45,463,0.007668046928916495,0.5280000000000001,70.98122843340234,1984.0,0.022898550724637683,0.54,245.30434782608697,10044.0,124,14,0,0,10.0
47af18d4bbc37e11d2c5130faaa8b2da3dba64ca,4,38,5283.649122807017,100.0,1,38,444,0.0038333333333333327,0.43499999999999994,127.19064327485378,6026.4,0.005000000000000001,0.55,228.42105263157896,10044.0,103,11,0,0,5.0
47b12b77df06d36f3a51ad5cc5f0dff47ddc9103,10,98,6430.331858407079,100.0,1,98,642,0.003274336283185841,0.054000000000000006,52.28849557522124,9039.6,0.03274336283185841,0.54,167.34513274336283,10044.0,208,18,0,0,10.0
47d128f1f6010bd042dda2bcc68d710956fdb74f,7,116,5093.01,100.0,1,133,1034,0.013584038461538462,0.6111538461538462,110.31093406593408,2468.8,0.0361,1.07,250.33,5356.0,304,96,0,0,9.0
47e01709f5df0b8793de34e70e8ddd9f8aa16d60,11,102,5051.327044025157,100.0,1,102,1009,0.006130392713657685,0.6030769230769231,58.581888114619865,1984.0,0.017735849056603775,1.04,110.99371069182389,2768.0,255,63,0,0,8.5
47e1eb91096f9e59b0faf185a88d41343c073d83,6,84,4356.07881773399,100.0,1,84,562,0.0022200328407224958,0.312,13.356978653530378,1190.4,0.007832512315270936,0.54,39.0935960591133,1984.0,142,61,0,0,8.0
4875a2f817d7d08aa0437c70c33eb2c3e8c20d65,7,104,7811.048780487805,99.39024390243902,1,109,237,0.002695121951219512,0.43599999999999994,77.63662815575523,1984.0,0.0036585365853658543,0.54,145.17073170731706,1984.0,152,12,0,0,7.0
48832ca57fb72952c11805aa0975c2273273ba58,4,41,3728.7,100.0,1,41,384,0.018657142857142858,0.524,154.0257142857143,2008.8,0.019357142857142857,0.54,529.6571428571428,10044.0,91,49,0,0,5.0
491ae8a65839fc737fb2c3e6ed06b990c7f36dea,4,76,4506.857777777778,100.0,1,75,304,0.007185185185185185,0.526,45.99940740740741,1984.0,0.016577777777777778,0.54,61.724444444444444,1984.0,134,91,0,0,8.5
4932174dcf0408a7eb862930c9c6be33d30825a6,1,1,10000.0,100.0,1,1,0,0.0,0.0,0.0,0.0,0.0,0.0,0.0,0.0,1,0,0,0,10.0
49428bbbf72ee0208d581e31efb1db2dca5605f4,6,39,5854.537634408603,100.0,1,41,249,0.0,0.0,34.74285714285715,1077.0285714285715,0.0,0.0,64.0,1984.0,76,17,0,0,6.0
494ceabf1266854738ca9832b601000a8a3cde24,6,34,2112.55900621118,100.0,1,34,824,0.008559696342305037,0.5211111111111111,140.113339248743,10044.0,0.010124223602484472,0.55,149.91304347826087,10044.0,109,52,0,0,1.0
495933d0ca16d77c1ef1587e29f5477513109a5c,5,110,4501.7643504531725,100.0,1,110,783,0.00023216360678596332,0.053000000000000005,14.866651173599815,2128.0,0.002416918429003021,0.53,54.38066465256797,2128.0,226,105,0,0,9.0
495a7aa30e85503d9a2027af83cd32af0eb7b030,1,2,10000.0,100.0,1,2,0,0.0,0.0,0.0,0.0,0.0,0.0,0.0,0.0,2,0,0,0,10.0
49a4785cf7286dbb18206e3847f164b1af1907ed,7,62,6652.054054054054,100.0,1,62,151,0.0,0.0,0.0,0.0,0.0,0.0,0.0,0.0,87,24,0,0,9.0
49d11fa2e8d68ac09ecdacb94a96c95c95205ff9,6,103,6787.658008658009,100.0,1,106,449,0.01036929736929737,0.6053846153846153,40.148606948606954,1984.0,0.026493506493506493,0.95,103.08225108225108,1988.0,193,38,0,0,8.0
49da363dc17a0db86c70a20f515608629bced9ed,7,43,4929.888888888889,100.0,1,46,225,0.0,0.0,13.121693121693122,1417.142857142857,0.0,0.0,18.37037037037037,1984.0,75,33,0,0,2.5
4a0f49c2a5e9766ab2ea0aea95a12b763faff0a0,10,63,5770.218181818182,100.0,1,64,351,0.018104545454545453,0.33416666666666667,145.44323232323234,2008.8,0.05884848484848485,0.55,301.3575757575758,10044.0,129,36,0,0,7.5
4a2ccd362270a02afdf8a1647576ba56a525fec8,10,83,5594.416309012876,100.0,1,83,592,0.013607791350280622,0.5707692307692308,102.69490166485875,1984.0,0.025836909871244637,0.94,161.78540772532187,1984.0,186,47,0,0,8.0
4a8923bdd6d76861d91dce4b2670c04da6b45350,5,71,5523.799019607844,100.0,1,71,630,0.0025294117647058825,0.4146666666666667,42.27301064948124,1653.3333333333333,0.0036274509803921567,0.54,77.80392156862744,1984.0,166,38,0,0,9.0
4ae698929993e35feef8c07911edb16212f5cf4d,4,53,4951.834645669292,100.0,1,53,299,0.0004094488188976378,0.052000000000000005,2.9823908375089476,198.4,0.004094488188976378,0.52,31.244094488188978,1984.0,87,40,0,0,9.0
4b09f1427ce0578515148e3300abcaf95ff3511a,4,38,4396.0,100.0,1,38,244,0.0,0.0,0.0,0.0,0.0,0.0,0.0,0.0,57,21,0,0,6.0
4b3052a36e3e54cb3458984b0ffe5f2808445353,3,13,5500.0,100.0,1,13,63,0.0,0.0,0.0,0.0,0.0,0.0,0.0,0.0,17,6,0,0,9.0
4b8a55e82d9825fa7440b91e638577957567752d,9,73,4614.077720207254,100.0,1,73,592,0.010894035607152595,0.49266666666666653,69.89090342436403,2521.684210526316,0.019689119170984457,1.06,113.3678756476684,4984.0,146,47,0,0,7.5
4bb463f3e32f05b9a1e323adc2a51603dabc75bc,7,42,6931.75,100.0,1,42,197,0.016011363636363636,0.471,60.87272727272727,1785.6,0.01840909090909091,0.54,67.63636363636364,1984.0,79,9,0,0,7.5
4bed6361746e48435a9be358a5bbeba59696ab7d,4,61,7057.358108108108,100.0,1,61,375,0.0032072072072072064,0.4356666666666666,12.511711711711712,1653.3333333333333,0.006283783783783784,0.54,26.81081081081081,1984.0,135,13,0,0,10.0
4bee553c59acf1a22de81ef5c794c44f6371da0a,7,46,6912.820512820513,100.0,1,47,323,0.00990269559500329,0.6046153846153847,26.114473560627406,1640.3076923076924,0.016923076923076923,1.04,45.162393162393165,2644.0,105,12,0,0,9.5
4c0740a4fccc2e15f52d77bbaceccfc1ffe309c2,11,105,5914.512396694215,100.0,1,105,885,0.039782279921035904,0.68675,223.0930909600766,2567.7,0.08491735537190083,1.05,373.43801652892563,3428.0,208,34,0,0,10.0
4c390fed4ec7007f13b91f39d3d4d9ed101299c6,4,29,2331.4591836734694,100.0,1,29,828,0.013112811791383221,0.43733333333333335,51.317687074829934,1823.3333333333333,0.01642857142857143,0.55,62.795918367346935,2188.0,119,77,0,0,2.0
4c67cde88abaa3210919405fdb1b202dec23b08c,4,61,6921.293706293706,100.0,1,61,316,0.004874125874125875,0.434,157.58694638694638,10044.0,0.022167832167832167,1.04,209.84615384615384,10044.0,129,14,0,0,10.0
4cc8a421bf0c776aae86c3838ed759171d4cee50,1,2,0.0,100.0,1,2,0,0.0,0.0,0.0,0.0,0.0,0.0,0.0,0.0,0,2,0,0,8.0
4cd092562ee4a06eb01e8bd1e9cb7e169fc38c92,10,73,5798.962686567164,98.45149253731343,1,75,2520,0.05536290209310211,1.0267441860465114,1599.8773121677582,51576.8,0.10059701492537314,1.12,2564.6567164179105,55448.0,253,15,0,0,9.5
4cd7de9870e18e6ea8acbc2efb5f4fe9c051b09b,10,24,4860.860465116279,100.0,1,24,120,0.031248062015503883,0.6100000000000001,217.7216457960644,1984.0,0.06953488372093024,1.05,473.86046511627904,3428.0,32,11,0,0,8.0
4d234ae70fe14c2d32bfa01c0ca7cefc47d68703,6,43,6048.642156862745,100.0,1,45,625,0.028047969187675072,0.6034615384615385,120.36311139840551,1984.0,0.07759803921568627,0.95,309.2156862745098,7944.0,175,29,0,0,9.0
4d38a6fd027c342a0719d9e7d0f6bd3e820a238a,6,64,5331.8056537102475,100.0,1,64,884,0.010367452335650215,0.6038461538461539,135.83009358133035,10044.0,0.03522968197879859,0.94,291.12367491166077,10044.0,235,48,0,0,8.0
4d3eb0a9c08fa8d2fb11d00af22f7d582f106019,6,108,5584.291066282421,100.0,1,113,784,0.012948079298223392,0.5233333333333333,128.49551677909028,2128.0,0.03446685878962536,0.54,287.0317002881844,5228.0,274,73,0,0,9.5
4d5d641551d82c1f733620b5d8ea4359ba376593,8,22,4772.727272727273,100.0,1,22,19,0.0,0.0,45.09090909090909,1984.0,0.0,0.0,45.09090909090909,1984.0,37,7,0,0,9.0
4d5f92f22244e37d20f783e571539a2d2e4e58d8,11,72,5213.460674157303,100.0,1,72,372,0.009902621722846443,0.525,74.67865168539325,1984.0,0.06235955056179776,0.55,267.5056179775281,1984.0,132,46,0,0,6.0
4d9d9337a0bc50984b35ecd772dee54b88ade32f,8,39,3884.046511627907,100.0,1,39,503,0.02436970781156828,0.6026923076923076,369.4637176776711,31868.46153846154,0.05689922480620155,0.97,662.015503875969,53296.0,96,33,0,0,7.5
4db33a107c9a32cf80e08c941fd2c87888e8de8e,9,62,5642.425,100.0,1,62,472,0.009787500000000001,0.527,60.760000000000005,1984.0,0.010125,0.54,99.2,1984.0,137,23,0,0,8.5
4dbe8c25b64077b21bf5cd971f115f2e32109c44,8,68,5106.44262295082,100.0,1,67,305,0.0,0.0,0.0,0.0,0.0,0.0,0.0,0.0,93,29,0,0,8.0
4dcdd4c95ba88786172619ebea8aad4ec757a150,4,44,5186.74251497006,100.0,1,44,608,0.009217564870259482,0.4153333333333334,47.60958083832335,1998.8,0.07047904191616766,0.54,286.01197604790417,2132.0,141,26,0,0,
4df0acd4131767bb6aec6c0eba0deedb4c246125,7,114,5412.115299334811,100.0,1,118,1452,0.015364375461936437,0.5291666666666667,140.741378946257,5704.8,0.03458980044345898,0.62,351.9379157427938,57048.0,385,66,0,0,9.5
4df58b4a53afe49f40e1c054f9a2e8553352e254,5,44,7534.513513513513,100.0,1,44,88,0.0002702702702702702,0.009999999999999998,57.513513513513516,2128.0,0.0002702702702702703,0.01,57.513513513513516,2128.0,65,9,0,0,
4e1cce9ed2c3033338382d755820b85faec9a7b3,6,91,4759.310559006211,100.0,1,92,1054,0.009546822742474917,0.23416666666666666,162.39646895547517,10044.0,0.033291925465838514,0.55,253.3913043478261,10044.0,260,62,0,0,9.0
4e3603a6303b1bb5fb0ec4a0d8ec39ae3e0afe0f,11,97,5752.3100436681225,100.0,1,97,804,0.03988485531935314,0.5746153846153845,264.44917062558983,10248.0,0.08248908296943232,1.04,388.4017467248908,10248.0,199,30,0,0,8.0
4e662a9d37f64c95e5cd3e85d2d5f0d5be60d20b,12,106,4639.960486322188,100.0,1,106,938,0.003435975372145585,0.6057692307692307,36.67938140886469,1984.0,0.004498480243161095,0.94,48.243161094224924,1984.0,237,92,0,0,9.0
4e718fe3c25329ccd0f4f138375f9099d81cd7c1,10,67,5241.139917695473,100.0,1,74,1052,0.017437174526752475,0.5692307692307692,250.07295718923626,21206.8,0.05275720164609054,1.01,538.1069958847737,48148.0,201,42,0,0,9.5
4e895c502e5446c21dfe7fd758e1336d2e66ace1,15,99,4595.926108374384,100.0,1,100,2087,0.037882272016577595,0.8049999999999999,295.29211930897264,3225.0,0.10078817733990149,1.05,560.256157635468,9676.0,349,57,0,0,8.5
4e8a3d6c3bb0e0df7e39e93b9266737cda041fed,9,67,4014.777777777778,100.0,1,75,2508,0.036463663729428414,0.6103125,198.98692287680157,7365.6,0.08484567901234569,1.05,600.1234567901234,42308.0,257,67,0,0,9.0
4ecc68ce80251f0f7ed752443a85e54028a20d08,6,102,5508.595555555556,100.0,1,105,441,0.00537037037037037,0.4346666666666666,25.277629629629633,1984.0,0.011911111111111112,0.54,44.08888888888889,1984.0,162,63,0,0,7.0
4ef92a2d691e24dbfc22f9e0e4a6bee899ccf849,5,92,7293.248226950354,100.0,1,92,126,0.0034650455927051683,0.4885714285714287,13.065856129685917,1842.2857142857142,0.0038297872340425534,0.54,14.070921985815604,1984.0,115,26,0,0,8.0
4f0784758f47badc4dc66910c529236f8a45bf3f,4,51,5748.275510204082,100.0,1,51,181,0.0,0.0,0.0,0.0,0.0,0.0,0.0,0.0,71,27,0,0,10.0
4f12a32bbef137a864b199061b62d35b4002e6bd,9,65,5350.290780141844,100.0,1,72,1717,0.029327414703357924,1.0251162790697674,146.17765206327508,1988.0,0.06368794326241135,1.05,356.9078014184397,3708.0,237,45,0,0,10.0
4f571f241bb2d884216b4712cdcd482e310a718a,4,41,6032.0,100.0,1,41,207,0.0031500000000000005,0.054000000000000006,11.904000000000002,198.4,0.0315,0.54,119.04,1984.0,78,22,0,0,
4f7428b95565a938b2562be952beae6d6983f32e,9,69,6235.340807174888,100.0,1,70,2241,0.02093653787961348,0.5513333333333333,855.2701249278196,20657.285714285714,0.05937219730941704,1.04,2118.2062780269057,54016.0,213,10,0,0,10.0
4ff3fa101f0b4c9777b996d2e1b338a529eedb6b,5,13,3695.6521739130435,100.0,1,13,18,0.0,0.0,86.26086956521739,1984.0,0.0,0.0,86.26086956521739,1984.0,21,2,0,0,8.0
501f6ef9ac0e3eaee34c2357da968672bafbff95,5,114,5845.5142857142855,100.0,1,114,782,0.005607142857142858,0.5270000000000001,28.34285714285714,1984.0,0.005785714285714286,0.54,28.34285714285714,1984.0,238,42,0,0,9.0
502430aa4e945c0273cf3a6f35b982cef7067ad1,4,63,5319.713513513513,100.0,1,62,668,0.014366666666666668,0.523,119.5112203112203,1984.0,0.026054054054054056,0.54,139.4162162162162,1984.0,164,21,0,0,9.0
502b640d7a4830b10924009c39b4dd34a4c600cb,11,104,4839.333333333333,100.0,1,104,1060,0.015350446173724726,0.525,200.91886489489985,3228.6315789473683,0.029146005509641873,1.03,319.5151515151515,5112.0,270,93,0,0,9.5
503affec12fb99997f583ed73b60262572694795,1,1,10000.0,100.0,1,1,0,0.0,0.0,0.0,0.0,0.0,0.0,0.0,0.0,1,0,0,0,10.0
5055b8d5ef881bdbac3ff865d6f97249b0aa4bbc,14,54,6749.390977443609,100.0,1,56,772,0.03711346300533944,0.41866666666666674,1473.3562659509184,116851.73333333334,0.11285714285714285,1.04,2787.90977443609,198796.0,126,7,0,0,9.0
505fea7b24ccbd0e28b51099a1e89ee317605916,12,76,5846.232,100.0,1,85,1736,0.04234540199173215,0.6053125,310.84140273108903,10044.0,0.08112,1.04,632.96,10044.0,226,24,0,0,10.0
5066b74051c3f9ac880db30439338aaa8fb1c7fc,8,48,5598.929078014185,100.0,1,54,427,0.007855791962174941,0.3208333333333333,54.826561972306656,1984.0,0.041063829787234045,0.56,197.27659574468086,2024.0,114,27,0,0,9.0
50708257bf26f0b517a6fa6acaa444d13f6006fc,6,17,5967.741935483871,100.0,1,17,15,0.0,0.0,0.0,0.0,0.0,0.0,0.0,0.0,31,0,0,0,10.0
50779b692cc73e3ba24df84db11b8e2bbb062591,7,21,4583.333333333333,100.0,1,21,22,0.0,0.0,82.66666666666667,1984.0,0.0,0.0,82.66666666666667,1984.0,47,1,0,0,9.0
5087b52a3ea36e6b24f13b867546d94cac05b299,4,58,2867.1875,100.0,1,58,556,0.00101171875,0.053000000000000005,11.625,1984.0,0.0101171875,0.53,46.5,1984.0,131,125,0,0,6.5
508e0627871ed482bd8ab34544e43e5d856a889c,4,33,5483.404255319149,100.0,1,33,299,0.0,0.0,0.0,0.0,0.0,0.0,0.0,0.0,75,19,0,0,
50efa6979b217c6f12b5fa0990d669c499e6d2b6,6,105,6926.309417040358,100.0,1,114,444,0.0011412556053811659,0.2525,37.81165919282511,1984.0,0.002511210762331839,0.54,53.38116591928251,1984.0,201,22,0,0,9.5
50f17ae2d9048b293cc969aa8668b365f9773f1b,4,45,5099.724137931034,100.0,1,45,159,0.0,0.0,34.172413793103445,1984.0,0.0,0.0,34.172413793103445,1984.0,74,42,0,0,
50fd8f5bcd24b3b8ba8c450de77819037cfd6583,6,104,8484.0,100.0,1,107,158,0.0064711111111111115,0.533,24.248888888888885,1984.0,0.007266666666666667,0.55,26.453333333333333,1984.0,141,9,0,0,6.0
51501acd2a7cda8d6f25524e34d6e3dd3c6088ee,12,131,5078.811083123425,100.0,1,131,1311,0.019294533805935106,0.7563333333333334,364.6714940810659,78288.57142857143,0.037909319899244336,1.06,564.1813602015113,99640.0,299,98,0,0,9.5
5160b3f7714c45d60c100dd658c543831e390713,5,16,3809.5238095238096,100.0,1,16,106,0.00015567765567765568,0.006538461538461539,49.65567765567765,1984.0,0.0004761904761904762,0.02,110.0952380952381,2640.0,26,16,0,0,5.0
52011a00e43fa9e527dd0b121ddd133547981b24,5,98,8058.623188405797,100.0,1,101,78,0.0,0.0,0.0,0.0,0.0,0.0,0.0,0.0,121,17,0,0,7.0
5217ebf6230ffeecc7da9c9043cd1e484c78509b,6,119,5857.501766784452,100.0,1,120,670,0.006709710783915731,0.5069230769230769,184.11686405467324,9672.8,0.021307420494699646,0.95,319.91519434628975,10044.0,232,51,0,0,8.5
52292d33bf302f4cc04f07ef928db72b2736c06d,11,106,5427.305555555556,100.0,1,106,308,0.005526072124756335,0.3721052631578947,34.47115009746589,2011.157894736842,0.010231481481481482,0.55,61.166666666666664,2924.0,145,71,0,0,10.0
5235e36e00b0e927e6ce9f6f771ef92915857989,4,43,5425.4607843137255,100.0,1,43,255,0.0,0.0,0.0,0.0,0.0,0.0,0.0,0.0,74,28,0,0,
529d7e5b25e40c18bb7ea49be0963ed7f3e288ea,5,60,6830.431506849315,100.0,1,60,267,0.00576027397260274,0.526,76.0986301369863,1984.0,0.025342465753424658,0.55,149.4794520547945,1984.0,126,20,0,0,
52d6dd781d58e55171ace76bdfffe7181f5a916e,4,65,4868.865979381443,100.0,1,65,534,0.0034639175257731953,0.414,215.08247422680412,10044.0,0.016082474226804123,0.54,278.680412371134,10044.0,148,46,0,0,8.0
52f3954a2463ca97c884b6ad6d89f8fcc91696b0,8,91,5299.949843260188,100.0,1,92,833,0.022014011396951506,0.5696153846153845,158.99012687252252,5388.307692307692,0.06272727272727273,0.94,325.7554858934169,9752.0,240,79,0,0,10.0
530d2bc8c65a9815a0b2c7dcfc98866f760b433c,7,103,6290.477848101265,100.0,1,106,1259,0.0220275564153812,0.6019230769230769,167.43214395531183,15282.333333333334,0.03354430379746835,0.95,303.9240506329114,30260.0,294,22,0,0,7.0
533bff0c4073c53de80f7b88a1ecda9ac3878893,2,18,3387.2602739726026,100.0,1,18,318,0.0,0.0,0.0,0.0,0.0,0.0,0.0,0.0,56,17,0,0,8.0
536602cb1404169f62436284f9cdba1a7b21c7ae,6,109,4777.611111111111,100.0,1,114,854,0.006025641025641027,0.525,350.2840628507296,41048.0,0.01212962962962963,0.54,404.641975308642,41048.0,256,68,0,0,9.0
5389d34e45392c6d5e8596d686b06d853e1ed696,8,76,5015.210227272727,100.0,1,77,441,0.0008723047785547787,0.1426923076923077,127.49990798675009,10044.0,0.0019318181818181817,0.29,169.79545454545453,10044.0,130,46,0,0,9.0
53b56263b633c2be1e87243fd37356c924eb9a4e,5,17,6296.2962962962965,100.0,1,17,10,0.0,0.0,0.0,0.0,0.0,0.0,0.0,0.0,27,0,0,0,9.0
541270fc6468b9399001ee5a8bfa0cd380e1db60,3,22,8142.857142857143,100.0,1,22,32,0.005642857142857143,0.158,21.25714285714286,595.2,0.01892857142857143,0.53,70.85714285714286,1984.0,26,2,0,0,
549b4b9f5408631f8a062a6a3b71c496646ee0fb,5,51,4143.10582010582,100.0,1,50,558,0.008105820105820106,0.526,232.3851851851852,10044.0,0.02,0.55,339.1957671957672,10044.0,134,54,0,1,
54d144dbc7891709d9bac5db5ee19a761a768c1f,1,23,5882.131578947368,100.0,1,23,68,0.008724696356275305,0.08384615384615385,63.163783584836224,721.4545454545455,0.05578947368421053,0.54,261.05263157894734,1984.0,29,9,0,0,9.5
5504396737eadc63295f751ebf765c22b35b23db,4,10,8461.538461538461,100.0,1,10,1,0.0,0.0,0.0,0.0,0.0,0.0,0.0,0.0,12,1,0,0,9.0
55095065546685ff2d583779d38978a2c0132ccc,5,59,6046.525547445255,100.0,1,59,346,0.003481751824817519,0.4720000000000001,349.73430656934306,10044.0,0.004306569343065694,0.55,351.1824817518248,10044.0,118,19,0,0,10.0
55664bd6d6073e97a98788e3f319eb36662f29f8,12,81,7050.590277777777,100.0,1,81,320,0.0007291666666666667,0.10400000000000001,77.88055555555555,2188.0,0.003680555555555556,0.52,156.02777777777777,2188.0,133,11,0,0,9.0
55ef1cb9ba9a618396f8f82aefdc261d00864381,5,54,6012.700598802395,100.0,1,54,329,0.0015748502994011977,0.053000000000000005,23.98323353293413,1004.4,0.015748502994011974,0.53,239.8323353293413,10044.0,130,36,0,1,
5612b36a1b2a4d596254bc506f503c7c94f82950,1,2,0.0,100.0,1,2,26,0.023846153846153847,0.07153846153846154,50.87179487179487,152.6153846153846,0.3133333333333333,0.94,661.3333333333334,1984.0,1,2,0,0,10.0
56925a416739348e2099293f2c91fd7c6c186d99,9,58,7272.314606741573,87.64044943820225,1,58,176,0.005509363295880149,0.4383333333333333,77.49170679507758,1984.0,0.01202247191011236,0.55,111.46067415730337,1984.0,82,7,0,0,10.0
56a326e7e14e72020e3e0ca3f329baebc245b3f1,3,28,7161.051724137931,100.0,1,28,617,0.02205782767530963,0.9804999999999999,442.9723152709359,8396.0,0.04689655172413793,1.05,1790.6896551724137,50912.0,54,4,0,0,8.0
56b3554a4a43514e497a667b0efee344df2ed21c,20,123,3541.5922480620156,100.0,3,125,5309,0.09688171116741469,1.0291666666666666,4870.797731805794,31961.333333333332,0.18308527131782945,1.11,7232.762790697674,56160.0,513,126,6,0,8.5
56df019984fc7a155fc18b5c4ecd2f52c497693e,7,63,7963.311688311688,100.0,1,63,191,0.006530428413050365,0.24975609756097567,55.99857459613557,1984.0,0.014675324675324675,0.57,108.15584415584415,2376.0,69,8,0,0,3.5
573b114e6e803fdee6f8c4dec2edd8fd37bbecc0,7,45,5800.730434782608,100.0,1,59,242,0.009336384439359267,0.35789473684210527,93.83981693363843,2614.315789473684,0.014260869565217393,0.54,127.37391304347825,3548.0,89,26,0,0,10.0
57421dc59c1514a7edc7708657e57a6439e88585,13,69,5448.974747474747,100.0,1,69,515,0.011785353535353534,0.527,137.4958152958153,2211.6,0.016212121212121212,0.54,201.57575757575756,2216.0,158,40,0,0,7.5
5776c4c0f98d7aadc199a8f60beab826403cf54b,6,31,3902.8988764044943,100.0,2,30,411,0.02261380005762028,0.6069230769230769,63.30394698934025,1818.6666666666667,0.03775280898876404,0.94,89.1685393258427,1984.0,64,25,0,0,7.0
57a3b9aacc40db600c87c8b2cf110418021388d1,12,60,3908.9683794466405,100.0,1,61,1205,0.027420462964886406,0.6073076923076923,249.65446289855802,3130.4,0.046324110671936765,1.08,335.0197628458498,5772.0,189,64,0,0,7.0
57a668ff1e3df5afc4e593bbbbc39e9eae0a940c,6,61,7187.703125,100.0,1,61,250,0.00357514880952381,0.4133333333333334,125.31743777056278,2140.0,0.00625,0.55,377.34375,10044.0,119,9,0,0,8.5
57b547211651511366a63249605b9b9f4a9c3e9c,12,89,4509.187675070028,100.0,1,90,1185,0.01030825083069665,0.6057692307692307,47.52231924708705,2336.6315789473683,0.014033613445378151,0.95,70.58823529411765,3552.0,259,98,0,0,8.5
5822ad8b0277c775adf78b39385d63e7878b1069,5,58,5112.253112033195,100.0,1,58,765,0.005408022130013831,0.4349999999999999,40.78762731044889,1984.0,0.006721991701244814,0.54,65.85892116182572,1984.0,194,47,0,0,5.0
582e4849c0e5208206789a186892a4f7ce9c11f9,6,42,3579.7543103448274,100.0,1,43,837,0.012546787503684056,0.6046153846153846,54.80360405877648,1785.6,0.02228448275862069,0.95,111.17241379310344,1984.0,153,79,0,0,7.5
5832a6cbeea8c9e6efb82a284e135cc58f201920,10,91,5198.986970684039,100.0,2,91,1079,0.01927824311049067,0.6153846153846154,114.26837527293554,11604.0,0.053289902280130294,0.95,281.56351791530943,11900.0,252,55,0,0,9.5
58616da3cef2b76fe70a90919a689b8f38ce0030,6,29,4571.235294117647,100.0,1,31,480,0.02278772021629165,0.6042307692307692,77.59017453135101,1984.0,0.027142857142857142,0.94,83.36134453781513,1984.0,95,24,0,0,8.5
58a95bac37747ee4fd0e321770a89477f49492a3,12,116,6506.5921052631575,100.0,1,118,798,0.019483359841912472,0.6038461538461539,317.0227925583189,32122.30769230769,0.036776315789473685,0.98,576.6184210526316,53560.0,263,41,0,0,10.0
58ab0634383006fc63de206822832e26d4c06c3f,6,43,5267.121951219512,95.9349593495935,1,59,265,0.003292682926829269,0.36500000000000005,40.8288037166086,1499.8857142857144,0.005040650406504065,0.54,84.42276422764228,2800.0,89,34,0,0,10.0
58dfdda4538b55efcc287512b508d9fa2638028d,14,91,5047.635658914729,100.0,1,91,751,0.02966879631995911,0.8078571428571427,122.3280688303944,10044.0,0.04624031007751938,1.04,166.4031007751938,10044.0,190,68,0,0,6.0
58f61331a385caeed17baaf54abea308426d50fe,5,110,2771.621848739496,100.0,1,109,3313,0.007944484553728252,0.541,98.41559001222868,2128.0,0.02608643457382953,0.67,249.1284513805522,17056.0,525,307,0,1,9.5
597484c12788a0febfb255aabf5f08df62469313,3,22,4333.308823529412,100.0,1,22,162,0.0,0.0,0.0,0.0,0.0,0.0,0.0,0.0,47,21,0,0,4.0
598a40125a414f949647ee201ecbe39553bedb6a,1,4,0.0,100.0,1,4,80,0.15787049689440996,1.025217391304348,886.3790476190477,2174.782608695652,0.2,1.04,1514.6666666666667,3424.0,10,5,0,0,10.0
598ab55ef7a383e76268b59d877afbc86fff2178,15,93,5974.874045801526,100.0,1,97,852,0.04241369645487766,0.8049999999999999,176.5293041764717,2521.4736842105262,0.08885496183206107,1.06,369.3587786259542,3548.0,226,36,0,0,7.5
598ceb16f7935dd1dada8de4441690df8cdc9e29,5,59,5927.339869281046,100.0,1,59,463,0.012459694989106753,1.029,62.40522875816993,1984.0,0.014313725490196078,1.04,196.13071895424838,10044.0,133,20,0,0,10.0
59b2a9ae92876d8ce54309fe82bb92d7cffbc794,4,36,7186.370967741936,100.0,1,45,121,0.0003225806451612903,0.02,23.758064516129032,1473.0,0.002741935483870968,0.17,95.03225806451613,5892.0,55,7,0,0,0.0
59ee572da4b7c6d711c46542482cc65bdee55648,1,6,4169.253333333333,100.0,1,6,1090,0.058468292682926824,0.4090243902439025,323.50491056910573,1548.4878048780488,0.13666666666666666,0.54,714.24,1984.0,69,6,0,0,10.0
59f38d3a08147f85dd15c761489d7e3753cb585d,4,65,6376.038167938931,100.0,1,65,269,0.0007938931297709924,0.052000000000000005,3.0290076335877862,198.4,0.007938931297709924,0.52,30.290076335877863,1984.0,108,23,0,0,8.0
5a3141c7f984f3d6c41f632f6fb689378267bd51,5,68,3864.1770833333335,100.0,1,68,1326,0.007824652777777778,0.5266666666666666,233.60550595238092,10044.0,0.014296875,0.55,286.4270833333333,10044.0,283,101,0,0,10.0
5a5c99822d76f4f6f1f90521f4c1f1d5e53590a1,4,62,3149.9430894308944,100.0,1,62,1047,0.0,0.0,0.0,0.0,0.0,0.0,0.0,0.0,170,76,0,0,9.0
5a70a8f9f1dac45c7332db8230f0a8a77208507b,10,97,4739.4341637010675,100.0,1,97,510,0.0024448398576512463,0.5280000000000001,12.00284697508897,1984.0,0.0075800711743772235,0.54,35.30249110320285,1984.0,182,99,0,0,10.0
5a7424ce2a160cc7bcb097b51942e1e1ce68ddb1,15,85,4539.262626262626,100.0,1,85,1156,0.00034343434343434346,0.051000000000000004,1.3360269360269361,198.4,0.0034343434343434343,0.51,13.36026936026936,1984.0,231,66,0,0,5.5
5a855637085d9d212518c84446e98888f0667f2e,6,118,5656.962121212121,100.0,1,119,1085,0.04180093055093056,0.5753846153846154,291.02771302771305,10044.0,0.0911111111111111,1.06,486.47474747474746,10044.0,327,69,0,0,9.0
5af239a466d0a8e17a8daf66709fded23576c37d,11,96,5797.841666666666,100.0,1,99,681,0.005295833333333333,0.3,52.68,2128.0,0.015458333333333333,0.55,75.0,2128.0,204,36,0,0,4.5
5b023883ac089df249ef06f7c8c4398f37e1c55d,3,32,3474.439189189189,100.0,1,32,318,0.010533783783783784,0.531,94.5173745173745,1988.0,0.037162162162162164,0.56,330.4594594594595,17056.0,85,63,0,0,
5b0ac0ebdcb3aaed7a9a3aa2f9c11919ccce9555,9,73,5566.8493150684935,100.0,1,73,341,0.000726027397260274,0.10600000000000001,29.895890410958906,1984.0,0.0036986301369863017,0.54,40.76712328767123,1984.0,117,29,0,0,8.5
5b30abfc32d4c33257f7cd949641935527dd4a42,6,106,5473.258687258687,100.0,1,109,740,0.015448090079669024,0.6030769230769231,212.91962129856867,9039.6,0.030386100386100387,0.94,260.27799227799227,10044.0,204,55,0,0,6.0
5b49681d3b05fba0fa5978673a6d871011186bce,6,70,5679.684848484849,100.0,1,69,666,0.015529292929292927,0.4413333333333333,60.121212121212125,1653.3333333333333,0.02,0.61,72.14545454545454,1984.0,142,23,0,0,10.0
5b49ef6e8a438750ee1aa79f7ef846fcb7ca2005,9,57,3801.845744680851,100.0,1,64,714,0.012560255273686125,0.6042307692307692,135.7496297132394,2128.0,0.022765957446808514,0.94,180.51063829787233,3312.0,129,59,0,0,9.0
5b7541b552024e94b0be876cdb63b69cf3f829d1,6,102,6110.0,100.0,1,105,651,0.019984172387490465,0.4383333333333333,114.88293822716268,2537.3333333333335,0.05466403162055336,1.03,297.7865612648221,10044.0,207,46,0,0,8.0
5b8aca58cb2c7cbcbb8918f50669eb821d5a7fad,5,45,4581.352,100.0,1,45,631,0.008380888888888889,0.3015555555555556,41.09084444444445,1190.4,0.026,0.57,111.104,1984.0,92,33,0,0,9.0
5baedd7fbc5ed01efdd5a078f7b3809491ac1722,14,79,5142.288372093023,100.0,1,79,518,0.0035142118863049107,0.5205555555555557,156.23782945736434,6026.4,0.014697674418604652,1.04,223.3674418604651,10044.0,164,51,0,0,6.5
5c67cd01bb445f9b80d30f2c551d0d42776898fe,3,28,6675.7945205479455,100.0,1,28,128,0.000726027397260274,0.053000000000000005,5.435616438356164,198.4,0.00726027397260274,0.53,54.35616438356164,1984.0,61,12,0,0,
5c8d3dd9026554402b67ab061544d47532898f6f,12,105,4770.158415841584,100.0,1,105,1373,0.020025109880635005,1.025357142857143,174.20578070229382,3332.4,0.05581683168316832,1.05,408.5049504950495,12344.0,300,104,0,0,9.5
5ca41a01a0d23780fcc2f122f7303701eb991a4e,13,102,6778.342756183745,100.0,1,102,658,0.0018374558303886927,0.054000000000000006,23.95649712997458,1373.5384615384614,0.018374558303886925,0.54,136.87632508833923,2564.0,248,35,0,0,9.0
5cc1caec2eb0968d6d30a6f95dd41d04e80c3f2c,1,2,5500.0,100.0,1,2,18,0.0295,0.059,198.4,396.8,0.23,0.46,992.0,1984.0,2,0,0,0,10.0
5d2a4450b9548913c0ae383640f67de8ca10edad,7,50,6104.373684210526,100.0,1,52,478,0.015082118758434548,0.6011538461538461,154.2808097165992,2214.9333333333334,0.061421052631578946,0.94,383.13684210526316,10044.0,161,29,0,0,9.0
5d7aa061832e40bec792c52ef42de898a5045a1b,5,112,4109.033096926714,100.0,1,113,1736,0.0023840698308783418,0.524,21.75159119839971,1984.0,0.012884160756501183,0.55,81.94799054373523,2296.0,336,87,0,0,9.0
5dc71a85b12614f2b7b995f3b9482d48f8e289e4,5,37,6167.2235294117645,100.0,1,39,243,0.001870588235294118,0.053000000000000005,7.002352941176471,198.4,0.018705882352941176,0.53,70.02352941176471,1984.0,75,10,0,0,9.0
5e030103a9bd01aba1285730aa1bce7cc90f7bf4,16,120,6036.005797101449,100.0,1,121,1853,0.033678090211103275,0.812857142857143,597.3781082313016,61719.57894736842,0.10510144927536232,1.11,1030.2028985507247,84416.0,311,34,0,0,9.5
5e092e334855a0d8739d53c39798bb26f3376959,6,74,6292.068825910931,100.0,1,74,766,0.009163871216502795,0.883809523809524,75.73221164800113,1984.0,0.01951417004048583,1.05,128.51821862348177,1984.0,227,20,0,0,10.0
5e3ff61182b7e63c5f353b54a15e95069e670f10,9,74,5806.451612903225,100.0,1,73,150,0.0,0.0,0.0,0.0,0.0,0.0,0.0,0.0,87,37,0,0,8.5
5e4d0a4d83e5724fd92e13da6474090be3593639,6,41,4120.256830601093,100.0,1,41,775,0.03572386356812586,0.6076923076923078,181.12466622630558,10044.0,0.06426229508196721,1.05,265.1584699453552,10044.0,136,47,0,0,9.0
5e5064a233c1402d302af4de9a442f32c934da4f,17,112,6387.218181818182,100.0,1,112,909,0.009898165514045404,0.38315789473684214,214.33932485315285,11120.842105263158,0.03585454545454546,1.04,454.54545454545456,17608.0,244,31,0,0,7.0
5e6c70b4de90c2415359c22c351d8b827d22886c,17,102,5899.524,100.0,1,105,751,0.013822151203524759,0.5080769230769231,282.30125768454906,22283.2,0.03552,0.94,466.08,41048.0,196,54,0,0,8.0
5e854d8ecfe5f767abb76d3ce56b6bcf495047eb,6,108,5886.253968253968,100.0,1,113,739,0.025609113109113114,0.531,130.5077811077811,2132.0,0.038253968253968255,0.55,238.61904761904762,2304.0,219,33,0,0,9.5
5ea5bb39e36dd3e81ece42b2d6e19d0ed5150740,5,30,3158.1153846153848,100.0,1,36,442,0.0,0.0,0.0,0.0,0.0,0.0,0.0,0.0,78,26,0,0,9.5
5ebe95d992ea2c39c13123c6174d22b6945291bb,5,68,5379.859223300971,100.0,1,74,496,0.0163226288274832,0.527,187.50604929051534,5806.4,0.03611650485436894,0.55,337.8252427184466,5808.0,162,44,0,0,7.0
5ed610bb14c3c7ebe34cf855871da13009ddf3f0,8,62,6071.917127071823,100.0,1,68,832,0.05056391192077752,1.0250000000000001,287.46235187630447,10044.0,0.1098342541436464,1.16,458.7182320441989,10044.0,152,29,0,0,8.0
5ed8bcf8dcd1652c4a4bd0fc8197aaa54fca572b,11,65,4498.256637168141,100.0,1,65,855,0.0,0.0,35.11504424778761,1984.0,0.0,0.0,35.11504424778761,1984.0,186,40,0,0,10.0
5eebebef2194643799de3dbdbb098cffa856d37d,5,59,3502.5859154929576,100.0,1,59,1391,0.018591622462044998,0.45214285714285724,273.7458203768063,10044.0,0.02295774647887324,0.55,326.24225352112677,10044.0,258,97,0,0,10.0
5eecd9dc3fe216cd45a2194e5f1a1d472a3fec56,7,107,4566.176706827309,99.79919678714859,1,124,1977,0.028100701488178642,0.5703846153846154,319.3925479643429,36207.333333333336,0.05700803212851406,1.03,722.2409638554217,83100.0,375,123,0,0,9.0
5f8dfe6855d546a89ee51fdc47f1e3a135f1edf8,7,111,5645.469785575049,100.0,1,124,2627,0.07377913034533132,0.8042857142857142,287.8718024160354,4613.6,0.1369590643274854,1.07,549.17738791423,10044.0,463,50,0,0,10.0
5faefa46d05d32e90b97c1cc9260bacd6c2f45de,10,65,4709.925675675676,100.0,1,72,1817,0.010784436500492534,0.5688461538461538,59.05512346611485,1984.0,0.02679054054054054,1.04,157.86486486486487,2768.0,252,44,0,0,9.0
5fbcd4642d21aaa8ade10f9e23e70012e2b4afe0,5,37,6847.15625,100.0,1,39,216,0.0018125,0.052000000000000005,9.3,198.4,0.018125000000000002,0.52,93.0,1984.0,62,2,0,0,8.0
603ee97d90e36481c0c5a1cca5279c3aacfe91c6,8,71,3886.3842105263157,100.0,1,71,483,0.0023271929824561404,0.22916666666666666,54.64701754385965,1984.0,0.005578947368421053,0.54,62.65263157894737,1984.0,121,69,0,0,10.0
605308a2fcb585adb29bd7cc4dc153faa8ab9702,4,55,6081.0283687943265,100.0,1,55,338,0.008717494089834516,0.29583333333333334,69.18203309692672,1984.0,0.019078014184397165,0.54,70.35460992907801,1984.0,116,25,0,0,9.0
60559a031815bb92037cb31299fdb443227a4e06,12,65,4541.802973977695,81.41263940520446,1,87,1221,0.0347489925984286,0.6057692307692307,284.31599452810144,2614.315789473684,0.10858736059479554,1.13,412.0743494423792,3552.0,215,54,0,0,10.0
60c257442a0ef9aa6eb039f58c40be980bfe58b7,8,65,3278.688622754491,100.0,1,64,1098,0.007909987716873944,0.6030769230769231,35.65594963918318,1984.0,0.010449101796407186,0.94,47.52095808383233,1984.0,213,121,0,0,10.0
60cfc94f336b294be80a5215fcd8f9a8099011a2,12,79,3379.1821705426355,100.0,1,79,728,0.0024728682170542635,0.532,27.696124031007752,1984.0,0.006201550387596899,0.54,30.775193798449614,1988.0,160,98,0,0,6.0
60da060bd0084795a07f5e69e6884f7870822cf6,4,41,4345.168831168831,100.0,1,41,438,0.0040873671782762685,0.5254545454545454,18.036363636363635,1984.0,0.01025974025974026,0.54,64.41558441558442,1984.0,108,46,0,0,5.5
61291814d7295814cfccb336e38a08ceb9c7aba9,7,53,6726.935185185185,100.0,1,53,232,0.0027037037037037034,0.23500000000000001,21.738271604938273,1984.0,0.01,0.54,55.111111111111114,1984.0,93,15,0,0,9.5
6154c47df672f6768571f878e472ff2808274cda,5,99,4547.055194805195,100.0,1,99,858,0.011151515151515152,0.526,66.67012987012987,1984.0,0.019025974025974026,0.55,103.06493506493507,1984.0,220,88,0,0,9.5
616bff7fefe77a5e5618f600b39cc1002b71867c,11,107,5385.070093457944,100.0,1,107,1560,0.018347112389168464,0.56225,145.56114563007085,2161.6666666666665,0.037546728971962616,1.04,229.61682242990653,3428.0,356,72,0,0,8.5
6199c36a1e584c7a1d0d4d20a1d98f19f9d05785,10,93,4661.874239350913,100.0,2,101,2600,0.015495852032236414,0.6061538461538463,326.3611413265571,11488.4,0.033448275862068964,0.98,437.6551724137931,11968.0,406,86,1,0,10.0
61c0c30e1af44a3ad57880bfab7a88591a434b92,4,47,3345.634259259259,100.0,1,47,793,0.015759038800705467,0.532,161.14050558495003,10044.0,0.027638888888888893,0.55,240.53703703703704,10044.0,147,69,0,0,
61e1c151f6a90ea5a2f33930ed70e5a9f39b681f,7,84,6116.53488372093,100.0,1,84,490,0.006245889769145582,0.6057692307692307,42.860895693453834,1929.7142857142858,0.009941860465116279,0.94,186.0,10044.0,143,29,0,0,10.0
62762af72b006f671d4b9efe867e66312408723f,7,47,6121.6875,100.0,1,50,156,0.0012343750000000002,0.054000000000000006,4.65,198.4,0.01234375,0.54,46.5,1984.0,92,36,0,0,5.0
6288d80ce9cf4d608eb41dc28dba194b1851dec5,6,60,4713.919811320755,100.0,1,59,819,0.04735522496371553,0.542,490.2553459119497,9039.6,0.052264150943396225,0.6,566.566037735849,10044.0,177,35,0,0,7.0
629ae2687f58e75ac2bebadf8adb71b3fdbd7c11,5,110,3627.7395577395578,100.0,1,110,1004,0.009292972792972793,0.5370000000000001,173.93216513216512,10044.0,0.021621621621621623,0.58,237.84766584766584,10044.0,260,147,0,0,7.5
62b127e475e6cafbc1906e6fa5cae8d7b4da3ceb,5,40,5548.798319327731,100.0,1,40,304,0.0072454666076957105,0.31500000000000006,81.34595311808935,1576.842105263158,0.04655462184873949,0.55,255.32773109243698,2140.0,97,22,0,0,5.0
62b816d8d256303699a90dcb83b99804366a17bf,6,51,7640.193548387097,100.0,1,50,310,0.02368713813068652,0.5565384615384615,131.82366379140572,2128.0,0.06145161290322581,0.94,267.51612903225805,2128.0,114,10,0,0,9.5
62bc28e18de640d9831303f80a4e44c352fb6170,10,104,5332.8561872909695,100.0,1,104,874,0.006759858870226764,0.568076923076923,113.45939946341285,2188.0,0.015785953177257523,0.94,163.82608695652175,5996.0,250,49,0,0,10.0
62c35ca39326ade9737d75b21c46054e64ab67f9,9,46,3380.208955223881,100.0,1,49,702,0.009968294854199386,0.5707692307692308,66.7430126115664,1984.0,0.022761194029850745,1.04,127.22388059701493,2376.0,95,39,0,0,7.0
62cba18268cc16143359b59ebc94adf65af340a4,8,82,4957.370967741936,100.0,1,84,1062,0.02607718925104324,0.6038461538461539,172.5722114218549,7030.8,0.03716129032258064,0.94,257.34193548387094,10044.0,246,64,0,0,9.0
62cf219990f892f13b18fb0ec1f08a2aebdae0ad,5,59,6400.5390625,100.0,1,59,329,0.0016930803571428574,0.21100000000000002,172.08258928571428,7805.142857142857,0.004296875,0.53,329.28125,10044.0,115,13,0,0,5.5
62fc0f9bb12436fd47d1b4750e4f17601ca459d5,10,25,3115.3333333333335,100.0,1,24,342,0.0524702380952381,0.7728571428571428,111.73626373626374,1558.857142857143,0.08027777777777777,1.03,165.33333333333334,1984.0,50,22,0,0,7.0
63b684c9976d06a32dbcdc4685592cd713f9121e,1,1,6857.0,100.0,1,1,11,0.032,0.032,1433.8285714285714,1433.8285714285714,0.09,0.09,2644.0,2644.0,1,0,0,0,10.0
63de421fb8d11a118ae783980d2e204b71e4f2d9,10,98,5803.68,100.0,1,98,629,7.272727272727273e-06,0.002,60.474181818181826,10044.0,3.6363636363636364e-05,0.01,81.77454545454546,10044.0,223,52,0,0,10.0
6405b9839b0179e5307afdb5117992033c2a9cbd,11,102,4423.969365426696,100.0,1,102,1936,0.011161001519115076,0.521,155.35561277372864,3228.6315789473683,0.023829321663019695,0.6,289.98687089715537,5144.0,372,85,0,0,9.5
6434afe6261c6f3f4fdbad511a2db8ef090f8c07,3,40,7647.058823529412,100.0,1,40,0,0.0,0.0,0.0,0.0,0.0,0.0,0.0,0.0,39,12,0,0,
643e211337d8d4a3d2c12ab4ba804814dd977354,9,67,5974.578571428571,100.0,1,76,2389,0.04325377675674191,0.8134482758620689,785.8817186731615,50934.2,0.12703571428571428,1.05,3173.6428571428573,198676.0,243,37,0,0,8.0
6451995ad71437eece77b5677b3d5eead3b2d45c,14,98,6712.049751243781,100.0,1,98,566,0.013564321250888415,0.53,51.3273631840796,1984.0,0.018656716417910446,0.54,69.09452736318408,1984.0,188,13,0,0,5.5
646c8737a68c560054cc624da19920821d13990f,6,100,6141.623036649215,100.0,1,101,412,0.012898870212179663,0.8112499999999999,130.23753100027557,5564.333333333333,0.017382198952879582,1.04,160.5235602094241,6552.0,156,35,0,0,6.0
6475c391e6ec554f2bbe5a6460e5962a4af5ac65,1,30,4735.529411764706,100.0,1,30,294,0.05127591036414566,0.5300000000000001,333.1814005602241,1984.0,0.10220588235294117,0.55,525.1764705882352,1984.0,56,12,0,0,10.0
647dd6aaab297d6a9328c244eec940904d58293b,4,46,3389.9402985074626,100.0,1,46,759,0.010462686567164177,0.526,450.3482587064677,10044.0,0.034328358208955224,0.54,596.5572139303482,10044.0,157,44,0,0,4.0
648b6d4b1c95ee18825cb3cdd69c033a10f3633e,5,71,4894.5197740113,100.0,1,71,713,0.01730508474576271,0.532,113.21129943502825,1984.0,0.021525423728813563,0.56,168.135593220339,1984.0,143,34,0,0,9.0
64bb0d71f782349bd0bce3ba44cf9b454bd46cfd,4,62,3089.2862254025044,100.0,1,62,2790,0.012000681489053582,0.53,112.08590169520402,10044.0,0.013542039355992845,0.57,117.56708407871199,10044.0,413,146,0,0,9.5
64c207f458782b92f681bc496f8a6763ac3b99c2,5,60,4268.074561403509,100.0,1,59,987,0.01918442887521835,0.526,146.0929520771626,10044.0,0.03070175438596491,1.04,260.82456140350877,10044.0,174,54,0,0,10.0
64d07438f7fbb0b4c2fece774289f09dbdf9de5f,5,11,3142.8571428571427,100.0,1,11,23,0.0,0.0,56.8,1988.0,0.0,0.0,56.8,1988.0,30,5,0,0,9.0
6501a3dcdb9e3c5904a5820607f6ee354bbe0131,7,117,5550.743386243386,100.0,1,122,1338,0.02175134637696386,0.8035714285714286,204.1033405122759,10203.5,0.053015873015873016,1.04,476.23280423280426,20728.0,307,71,0,0,7.0
653de78f41ee12882a2cbc4177fb3c4e5c3eac28,1,5,0.0,100.0,1,5,0,0.0,0.0,0.0,0.0,0.0,0.0,0.0,0.0,0,8,0,0,8.0
655f5a83c42ccc83c7c0ac2caa5cd8237e685751,18,89,6009.218446601942,100.0,1,89,461,0.005148235851290552,0.2325,115.73567971550946,3782.285714285714,0.03131067961165049,0.55,326.8932038834951,10044.0,172,34,0,0,9.0
661f15eb45462975429d17bf60fc64df4cae4431,7,50,5990.80198019802,100.0,2,54,861,0.061260768424297604,1.018125,976.2177530650694,11532.190476190477,0.10633663366336633,1.04,1222.8118811881188,11944.0,182,20,0,0,10.0
665aee398dbb98e56d2f171ef0bee4f6fedeac43,5,84,6349.775510204082,100.0,1,87,446,0.012729591836734694,0.43600000000000005,87.12448979591838,1984.0,0.04591836734693878,0.54,263.85714285714283,10044.0,160,36,0,0,7.0
66735c0721a73fb4dd487e32adafb82c6016e6ea,7,50,5751.786324786325,100.0,1,50,448,0.01687639710716634,0.5696153846153846,62.59851601390063,1433.942857142857,0.042991452991452996,0.94,163.89743589743588,2644.0,105,12,0,0,9.0
66740228a725504db879896a9c28c03676fef710,7,42,6566.360824742268,100.0,1,42,297,0.015452462772050401,0.522,68.16219931271478,1984.0,0.043917525773195874,0.55,169.81443298969072,2184.0,83,14,0,0,3.5
66caffe338b5140bd8ac35fd0000f867266bd08a,4,63,7067.307189542484,100.0,1,63,303,0.011748366013071896,0.2333333333333333,112.36601307189542,2008.8,0.03516339869281046,0.57,260.2875816993464,10044.0,139,14,0,0,9.0
66f103845d668685765328530c0aa2d71a0ce0d4,1,2,5840.857142857143,100.0,1,2,86,0.10974603174603174,0.22044444444444442,642.8698412698413,1058.1333333333334,0.3885714285714286,0.56,1418.2857142857142,1988.0,7,0,0,0,10.0
67118839ce79eab31a505fa22d378ff420ce006d,5,29,5407.384615384615,100.0,1,29,252,0.02183736263736264,0.41857142857142865,278.0178754578755,1988.0,0.053538461538461535,1.04,495.0153846153846,2876.0,51,14,0,0,9.5
67212308d026508fd5b6942ffbbdd7b0be2e89de,1,2,0.0,100.0,1,2,54,0.0,0.0,0.0,0.0,0.0,0.0,0.0,0.0,3,5,0,0,
6729764776215a0456ef5332c5168b4db29314b4,4,63,6898.695035460993,100.0,1,63,336,0.0055265113137453565,0.524,157.90151975683892,9039.6,0.008723404255319148,0.54,313.7588652482269,10044.0,132,9,0,0,9.0
673ca800a97efc5b14397e331006ebe67258bf1d,1,1,3826.6666666666665,100.0,1,1,50,0.6696296296296297,0.9703703703703704,13423.358024691357,13576.888888888889,1.0833333333333333,1.54,21834.666666666668,22456.0,3,0,0,0,10.0
67b7c9f4a952be9c0f4759e1991d86a3e1fbbe58,2,11,923.0769230769231,100.0,1,10,119,3.846153846153846e-05,0.003,179.64102564102564,10044.0,0.0001282051282051282,0.01,179.64102564102564,10044.0,22,56,0,0,1.5
67d64015616b9e7f49e213890b7b93a2f8796f07,21,117,5525.178021978022,100.0,1,118,1883,0.02268841090727561,0.8042857142857142,124.94694376912945,3142.1666666666665,0.056857142857142856,1.04,270.5846153846154,10044.0,394,61,0,0,9.0
67f697ac574661dca982dcd95ba358bde5b48a8e,4,28,3721.9864864864867,100.0,1,28,428,0.017891891891891894,0.5290000000000001,226.9081081081081,2128.0,0.05594594594594595,0.55,406.5135135135135,2128.0,106,42,0,0,
6881032aa20fa792984ffb15d6b043b4228c1070,7,108,5632.78156996587,100.0,1,110,2134,0.012356964127072117,0.528,78.73584083755789,2008.8,0.027696245733788396,0.59,197.91808873720137,10044.0,488,98,0,0,8.0
68c8fbedb26cd1376389edb04626dbeb90a065a0,9,59,5197.84236453202,100.0,1,64,1105,0.025488955728179864,0.613125,108.77445054945056,9238.0,0.0554679802955665,1.05,193.79310344827587,10044.0,170,33,0,0,9.0
68f0e46e53ed6791407294aa4e797d7d17a2b677,6,40,7330.555555555556,100.0,1,40,283,0.016782716049382716,0.4083333333333334,86.65555555555555,1961.6666666666667,0.02855555555555556,0.54,116.4,2184.0,83,7,0,0,8.5
692e213a160245cc3c07bc300b6ada19b15089e4,8,75,6068.232258064516,100.0,1,75,428,0.0015172043010752687,0.23416666666666666,83.01333333333332,3013.2,0.0035483870967741938,0.54,401.6,10044.0,128,27,0,0,8.5
692e3639f044b1dedc30d8b3a870bbe922a675fb,10,89,4030.348894348894,100.0,1,89,1593,0.013333927197563562,0.525,135.17475066565976,10044.0,0.022285012285012284,0.55,224.7076167076167,10044.0,323,84,0,0,9.0
6941ef044510999dfc8a269ea9255f7b93505147,13,77,5756.716247139588,100.0,3,89,2381,0.05081225471994921,1.0079069767441862,2181.1873945814073,27785.714285714286,0.09054919908466819,1.06,3262.745995423341,72072.0,385,52,0,0,9.5
694d92685feec07c62b8aa4ccb73b39390f88515,7,46,5761.984,99.52,2,47,821,0.058631029332434054,1.0284615384615383,444.87186441966986,3340.190476190476,0.13584000000000002,1.07,991.68,12812.0,113,12,0,0,8.0
697092af2e2891b76d0890069566c03468f975c0,5,59,5858.457831325301,100.0,1,59,344,0.0027168674698795177,0.43599999999999994,399.06586345381527,10044.0,0.00355421686746988,0.54,434.7469879518072,10044.0,135,31,0,0,10.0
6976ed8694419b21b0f2302b6d9db629ce0412e5,6,48,5091.809917355372,90.12396694214875,2,48,467,0.019247872364486784,0.6968000000000001,278.9739063722763,11302.88,0.05776859504132231,1.04,488.2314049586777,11812.0,92,29,0,0,9.5
6978f24f45757e6d0c3a352bf35d073d14b46c6a,6,49,5846.245714285715,91.42857142857143,2,60,787,0.016037933019361593,0.5609999999999999,512.1284416535846,11278.857142857143,0.03617142857142857,1.04,639.5885714285714,11900.0,149,26,0,0,10.0
69826691e86b5085226acbcace467f656b83880e,11,104,6098.214592274678,100.0,1,104,561,0.01881287820222323,0.8078571428571427,134.99383858040324,8163.333333333333,0.050987124463519315,1.12,229.80257510729615,9796.0,195,38,0,0,9.5
6988cfcd0c8de2ee3ceb97a74aec90558ff0e26a,11,104,6195.161572052401,100.0,1,104,674,0.006515219860198027,0.6034615384615385,160.78516243581748,10044.0,0.011528384279475983,0.94,309.3624454148472,10044.0,206,23,0,0,9.5
69b200a293efc47d832e89333a4adff338261538,13,82,6700.543624161074,100.0,1,82,494,0.03127766984575533,0.7235,305.36092075827156,6002.333333333333,0.056979865771812084,1.05,435.1409395973154,6552.0,139,10,0,0,5.0
69c377ef0f1c724f59024bd4c2a7fa5d36e50432,5,60,2029.633431085044,100.0,1,59,827,0.0053252339058790675,0.35200000000000004,94.75682167295071,7030.8,0.00909090909090909,0.55,241.5131964809384,10044.0,149,192,0,0,9.0
69eda57c9ffdf6f26c5dda66863ef865d07195d2,11,48,6426.3302752293575,100.0,1,54,373,0.006353211009174313,0.30000000000000004,42.583136740934904,1984.0,0.019357798165137618,0.54,91.0091743119266,1984.0,94,15,0,0,9.0
6a24473bc7b7d3e0a711d9195d9f792a24352436,9,69,6337.109649122807,100.0,1,78,1356,0.026388696895587774,0.6739999999999999,178.95700902005726,2298.896551724138,0.07232456140350878,1.04,446.8070175438597,3284.0,204,24,0,0,10.0
6a321021dc357c030017f099c3d1b430bb0d1b65,5,48,4855.026785714285,100.0,1,48,432,0.007845238095238096,0.44166666666666665,29.523809523809522,1653.3333333333333,0.009732142857142858,0.55,35.42857142857143,1984.0,92,20,0,0,6.0
6a535ac087403316d625c2ed4d5108d7d2d21edb,11,110,4578.8221574344025,100.0,1,110,1692,0.07039519790808227,1.0230000000000001,1807.0709919851115,99640.0,0.12577259475218658,1.12,2457.99416909621,99640.0,273,70,0,0,9.0
6aea2ab4cff49df8f384b81558264c1390a8cf06,5,59,2448.6632860040568,100.0,1,59,2576,0.030624070317782283,0.522,123.9375007683324,1984.0,0.03900608519269777,0.76,160.973630831643,1984.0,313,180,0,0,7.0
6b05f3073cf136c387ede39d4e605eefa19a4886,14,65,5261.55223880597,100.0,1,66,688,0.0026037357074277733,0.4396666666666667,24.77510692153269,1653.3333333333333,0.010646766169154229,0.55,189.39303482587064,10044.0,163,38,0,0,5.5
6b1996be827950638657d6f5a23f4ab8a5a13be5,10,90,5046.831615120275,100.0,1,90,1105,0.014795644703421483,0.56375,208.48373994151675,5250.971428571429,0.039381443298969074,1.05,366.48797250859104,9676.0,242,49,0,0,10.0
6b8a39007e56cacf54e6520da942fdb70d8d588e,10,95,6323.459302325581,100.0,1,95,306,0.0024534883720930237,0.42200000000000004,9.227906976744187,1587.2,0.0031395348837209304,0.54,11.534883720930232,1984.0,139,33,0,0,8.5
6bdbd12c28f576e6dc4242177fbf9829e65c4726,9,45,5228.463087248322,100.0,1,46,1172,0.03836817603923513,1.022923076923077,382.070148458212,2630.0,0.13268456375838925,1.05,996.9664429530201,5832.0,129,20,0,0,8.5
6bdf2586c97f0954e728ef8a9ac5248d4c8270c1,6,45,5735.875,100.0,1,45,345,0.017144970414201186,0.6053846153846154,62.89095519864751,1297.2307692307693,0.02817307692307692,1.05,114.46153846153847,1984.0,88,16,0,0,9.0
6c374b4a75105783a809e8b6ba468da3200d0c1a,4,61,6251.635658914729,100.0,1,61,464,0.015419465977605512,0.5211111111111112,94.8423772609819,1984.0,0.02108527131782946,0.54,107.65891472868218,1984.0,114,15,0,0,9.5
6c468e0d90bf790fd74609738544edd3f0e5c74c,11,96,5232.3345195729535,100.0,1,96,686,0.007694543297746145,0.48166666666666674,234.30156367949962,10044.0,0.010604982206405695,0.55,355.2313167259787,10044.0,227,54,0,0,10.0
6cbee42bf7c6251711a38683e4e1d6b15533f5a5,6,102,5890.327814569537,100.0,1,104,751,0.03751048565121413,0.5280000000000001,179.26190310212618,1984.0,0.10619205298013246,0.93,427.0198675496689,1984.0,243,59,0,0,7.0
6cd8d19ff2089fdfa9cdcd521a40b1e247c17cd1,10,103,4887.497863247863,100.0,1,103,1649,0.009260920347458809,0.6046153846153847,79.38818275741353,5850.461538461538,0.021175213675213675,0.94,150.76068376068375,10940.0,380,88,0,0,10.0
6cecf8c09c3c7ca888a6e3fc2ede03a820c9c82b,4,65,5818.3141025641025,100.0,1,65,368,0.0019935897435897436,0.054000000000000006,237.66666666666666,10044.0,0.016153846153846154,0.54,294.8974358974359,10044.0,129,27,0,0,7.0
6d7ea5662a0aadc0fee9f82c02aa5e54da77f277,4,38,5100.948717948718,100.0,1,38,808,0.03461709088632165,0.573076923076923,177.88914561222253,2128.0,0.06115384615384615,1.01,293.8974358974359,2128.0,132,24,0,0,9.0
6dc988c0cbd4f0ba3d2217d8b84911b6a8d81c47,1,2,5824.0,100.0,1,2,52,0.0,0.0,359.00952380952384,1077.0285714285715,0.0,0.0,661.3333333333334,1984.0,12,0,0,0,10.0
6dda317baa40f25506c299715efce489b916e52d,7,113,5771.171171171171,100.0,1,115,1847,0.078984270198229,0.8246666666666668,625.7005182943398,58915.2,0.1482882882882883,1.09,1696.7327327327328,289540.0,299,34,0,0,7.0
6dff6f1ca71378339e605de17936cff49dca5486,12,84,6604.204761904762,100.0,1,85,418,0.016626906552094523,0.4908333333333334,268.5279024400829,3783.4285714285716,0.042761904761904765,0.61,764.0952380952381,10044.0,186,24,0,0,7.5
6e849b2924dd2fc0a7efc8ef0a5f614ce2409b4f,5,42,5005.934497816594,93.01310043668123,1,51,850,0.008013100436681223,0.554,94.71291328758578,1984.0,0.01572052401746725,1.04,176.12227074235807,2644.0,180,49,0,0,9.0
6ec34c1674a54a0b43f8bc4570e2188a4937da15,7,78,5306.9312977099235,100.0,1,78,960,0.03520208404157781,0.5696153846153846,611.7736502147912,32066.46153846154,0.07412213740458017,0.94,989.1603053435115,53164.0,223,39,0,0,10.0
6eca9c1b4a046e9ceb3db39e478ccaa393117c3f,6,40,4052.109243697479,100.0,1,41,685,0.01101163542340013,0.6030769230769232,25.136651583710407,1297.2307692307693,0.024621848739495796,0.94,66.6890756302521,1984.0,104,15,0,0,3.5
6eef887d0fd74edee1667f50dce5b41efbe0a180,6,60,8012.6122448979595,100.0,1,60,87,0.010612244897959184,0.522,60.734693877551024,1984.0,0.011020408163265306,0.54,60.734693877551024,1984.0,88,10,0,0,8.0
6f52fb961b947325347f9303798fa6066967e407,11,87,8105.931818181818,100.0,1,88,224,0.00971552059052059,0.5696153846153846,40.966899766899765,1984.0,0.027272727272727275,0.94,90.45454545454545,2020.0,126,6,0,0,9.5
6f5b8f8813e31d5f85f814585ee37e835a6c766b,5,104,3883.522975929978,100.0,1,105,1358,0.003896650395556304,0.35166666666666674,86.57159441579573,2128.0,0.017724288840262583,0.54,153.20787746170677,2128.0,324,133,0,0,9.0
6f99a507851fb9a8ae9776ede538789cae61a22a,7,41,4634.7525773195875,100.0,1,41,411,0.016387119662757212,0.5726923076923077,45.12215034016445,1461.8947368421052,0.03340206185567011,0.94,102.26804123711341,1984.0,68,29,0,0,6.5
6f9c45656b2c3a8cd9c394c878d0ec7d738be090,11,70,5524.95744680851,100.0,1,69,400,0.005531914893617022,0.7270000000000001,45.80394011032308,2567.2,0.011134751773049645,1.04,180.53900709219857,3428.0,115,26,0,0,8.5
6fa8cdf96032a061ee3b601ee76a28dce25f4735,7,107,4901.480243161094,99.3920972644377,1,124,768,0.018915858151340472,0.8078571428571427,185.83701292042358,1988.0,0.027325227963525836,1.04,241.71428571428572,2020.0,242,87,0,0,7.0
6fc4ddeb8a68d05ed8084b0d59d038f3649c10d9,6,48,5242.256756756757,100.0,1,51,578,0.016112303237303238,0.6073076923076923,270.5210969210969,10044.0,0.027364864864864863,0.94,357.43243243243245,10044.0,126,22,0,0,8.0
6fda7242d55963e0014a8741b5fdd1bd4c34019f,9,25,5344.155555555555,100.0,1,25,52,0.0006178861788617886,0.027804878048780485,225.8211382113821,1984.0,0.011777777777777778,0.53,264.53333333333336,1984.0,43,2,0,0,8.0
701f03bc7072ef7b0114a4769bc8955e5e5c9af2,5,10,1702.127659574468,100.0,1,10,30,0.0,0.0,0.0,0.0,0.0,0.0,0.0,0.0,33,14,0,0,10.0
70442b24f09aaf25882d54ff0ec72738c00a41df,1,2,5625.0,100.0,1,2,35,0.36324999999999996,0.7264999999999999,2502.0,5004.0,0.525,1.05,3336.0,6672.0,2,0,0,0,10.0
70586c4437f01c7ae612aa151f53958ac10a412e,20,115,4848.322766570605,100.0,1,116,2786,0.010676636118275714,0.7212500000000001,91.724505452588,2567.1,0.035734870317002884,1.04,205.4121037463977,3428.0,560,134,0,0,9.0
705c7f16ba723569db2002204ff748355ef80e75,4,43,3254.871794871795,100.0,1,42,570,0.012202686202686202,0.441,68.3949531949532,2092.0,0.02532051282051282,0.63,154.69230769230768,6168.0,91,65,0,0,5.0
70b721dc3c7f45470e2eee858547f0546801327b,11,98,5593.55737704918,100.0,1,98,721,0.03044973878580436,0.6123076923076923,156.28482555695672,1984.0,0.05463114754098361,0.97,235.80327868852459,1984.0,202,42,0,0,8.5
70cd793e026c0616c0a8186a1f2c5fa6d8816b49,10,89,5136.068728522337,100.0,1,89,857,0.003399198167239404,0.44249999999999995,630.3245513554791,50812.0,0.004467353951890034,0.51,641.9656357388316,50812.0,227,64,0,0,9.5
710b29019a8c45dfca3eec6a5a92b7d3bfc06cb9,10,50,4736.458904109589,100.0,1,51,676,0.03770441184626477,0.71925,235.79131495757306,2829.3,0.07534246575342465,1.08,393.94520547945206,4988.0,114,32,0,0,8.0
7121c17a0f6576cafa8c7c029158ad3a81873411,10,71,4200.324637681159,100.0,1,71,1056,0.003667276887871853,0.3726315789473684,41.78848895469706,1984.0,0.018492753623188408,0.55,118.84057971014492,2644.0,241,104,0,0,8.5
713487f0de26590bca3c759e2fef02b3a5bad9fd,1,1,10000.0,100.0,1,1,0,0.0,0.0,0.0,0.0,0.0,0.0,0.0,0.0,1,0,0,0,10.0
713e625391a72ed8f0780919b1c3e45af56ff94b,6,49,5247.1578947368425,100.0,1,50,657,0.02017051041064199,0.5700000000000001,170.77939078465394,2128.0,0.03796052631578948,0.97,290.8157894736842,10044.0,135,17,0,0,8.5
7171736c863d464860b4e3f674d78a101f12de4d,9,24,5384.615384615385,100.0,1,24,28,0.0,0.0,0.0,0.0,0.0,0.0,0.0,0.0,49,3,0,0,9.0
7186e8a3fb8c0322eee7e354ed8f1669885f6774,5,39,939.6086956521739,100.0,1,38,339,0.0,0.0,0.0,0.0,0.0,0.0,0.0,0.0,38,31,0,0,
71c2d42bc4f81d5dcabf57d19f862a3b781ebbbf,5,44,6590.476190476191,100.0,1,58,162,0.0024571428571428574,0.258,20.784761904761904,1190.4,0.0051428571428571435,0.54,37.79047619047619,1984.0,86,19,0,0,8.5
720ce5dcaede4e84cbbe7874961853e416f0d2a2,11,101,5406.660287081339,100.0,1,101,555,0.0006473000683527,0.054000000000000006,55.74736842105263,8035.2,0.0035406698564593303,0.54,79.69377990430623,10044.0,163,46,0,0,10.0
7277ea28c0232720e23ee3ba0dcbb84a273aa53c,11,67,4777.596091205211,100.0,1,77,1729,0.01441200452957138,1.0237209302325583,317.91705623366863,10044.0,0.039902280130293157,1.04,531.700325732899,10044.0,255,52,0,0,10.0
72a34636b5a1de1c3796e43d5abc564b4d0803e7,4,35,5005.55,100.0,1,35,240,0.0132375,0.532,49.6,1984.0,0.013625000000000002,0.55,49.6,1984.0,64,16,0,0,
72d8b05bb5beafe074185bec53d1c5338009a0cf,9,62,5884.705426356589,100.0,1,63,242,0.009936096203538065,0.6019230769230769,60.80954084675015,1984.0,0.023798449612403103,0.94,107.65891472868218,1984.0,100,29,0,0,6.0
72ea15c6a9c0f4f176da99e9dfd445b347c2e219,18,113,4296.103918228279,100.0,1,114,2236,0.01617439712992756,0.6065384615384616,110.97089333051689,4196.285714285715,0.04277683134582624,0.94,369.6763202725724,78844.0,434,153,0,0,7.5
72ebebdb431cf5dbd216ed0c16660f40a963b082,10,89,5569.203921568627,100.0,1,89,958,0.007541583906289788,1.024,157.61853832442068,10044.0,0.012705882352941178,1.04,257.88235294117646,10044.0,223,32,0,0,10.0
7316452530dd2fb2eb68d1fffeebef98bb730ae0,7,53,5532.062068965517,100.0,1,55,313,0.0217727265777175,0.8773076923076922,324.8729898131713,7590.8,0.02531034482758621,0.93,472.4689655172414,7596.0,115,30,0,0,9.5
7323f16fa1027607f3f63cedb1cf2fea83dfcf76,10,68,6028.725490196079,100.0,1,76,1485,0.012642537995328223,0.527,68.16158013970615,1984.0,0.03886274509803921,1.05,224.90980392156862,2644.0,228,27,0,0,8.5
73351e7d3ace1ea88b52e895d6fccc2f2bee88f3,12,72,5291.006172839506,100.0,1,73,732,0.02371987066431511,0.5275000000000001,597.2786596119929,10044.0,0.06719135802469135,0.58,1448.7777777777778,10044.0,259,65,0,0,7.0
7341e1b59de6c74569853631605d1dc2d2da2e0a,2,20,2849.0,100.0,1,20,346,0.0,0.0,0.0,0.0,0.0,0.0,0.0,0.0,61,51,0,0,8.0
737dd3b5a70f36e8bb79f4c5cf86c7ccfb1e7d55,2,13,3790.375,100.0,1,13,219,0.0,0.0,0.0,0.0,0.0,0.0,0.0,0.0,35,5,0,0,
739d06c41287f6661d2c1879f42b56d45454e815,3,23,8607.142857142857,100.0,1,23,19,0.0,0.0,0.0,0.0,0.0,0.0,0.0,0.0,26,2,0,0,8.5
73a272eb71cab822302a981b1748230c3ec8b8ef,7,104,6048.213114754099,100.0,1,109,614,0.004976355611601514,0.6107692307692308,29.33467843631778,1984.0,0.00790983606557377,0.99,56.91803278688525,1984.0,204,40,0,0,7.0
73af3f8e00b50a4444bbbb431c83075dfde4cbd6,1,7,9000.0,100.0,1,6,9,0.0,0.0,0.0,0.0,0.0,0.0,0.0,0.0,9,0,0,0,10.0
73c38d8466f153b974c09c066d1469f63b856d07,6,66,5917.927536231884,100.0,1,66,704,0.006079401402055865,0.3821052631578947,84.04759725400459,10044.0,0.013236714975845412,0.54,118.84057971014492,10044.0,175,32,0,0,
73c938c3db512a2d6b136fa924a8ed2e608b7790,6,101,5401.399122807017,100.0,1,104,633,0.017806470038118236,0.6030769230769231,125.81866373085211,2128.0,0.028421052631578948,0.94,198.98245614035088,10044.0,178,50,0,0,9.0
73ec1e02101d9e26fb75fe8580eec218d09ba78b,1,2,3333.3333333333335,100.0,1,2,0,0.0,0.0,0.0,0.0,0.0,0.0,0.0,0.0,2,4,0,0,
73ffb966a8305f3cc46f3447459b4224128cd53b,4,64,5025.726315789474,100.0,1,64,1201,0.014798245614035088,0.5241666666666666,129.49711528237845,2008.8,0.030000000000000002,0.55,230.59649122807016,10044.0,247,38,0,0,9.0
74381df8a16f12280ebd12d45f8fff4fbcbcc4c8,20,124,6017.485254691689,100.0,2,125,2159,0.06302643701713247,0.8340000000000002,2577.3247627554965,42422.94736842105,0.1345308310991957,1.07,4452.56836461126,60172.0,333,40,0,0,6.5
746be138d650a2627e814da73cf09cfbf3127bd4,1,3,3000.0,100.0,1,3,86,0.0,0.0,0.0,0.0,0.0,0.0,0.0,0.0,14,4,0,0,4.0
7480543e3bc777391a4c3f06cb1c03920f6fa2a4,5,110,7413.210526315789,100.0,1,110,319,0.0024419264945580734,0.417,113.36595653150677,3781.714285714286,0.006746411483253589,0.54,238.79425837320574,10044.0,195,14,0,0,9.5
7494b38c6d82b590c4afa6cc975f583f51395177,4,50,5527.046666666667,100.0,1,50,294,0.011862857142857142,0.523,69.68533333333333,1984.0,0.05266666666666667,0.54,272.4,5148.0,112,38,0,0,
749e9b42869140690bb32bb198ccab1f899cc36c,4,66,6427.707182320442,100.0,1,66,296,0.0021841620626151014,0.22833333333333336,149.46017076845806,10044.0,0.008895027624309392,0.53,241.8342541436464,10044.0,153,28,0,0,9.0
74ca49651c685988e265884821dcfe0961a1ebdf,1,1,0.0,100.0,1,1,0,0.0,0.0,0.0,0.0,0.0,0.0,0.0,0.0,0,3,0,0,7.0
759ad13a7de3fc28a9ab95c56d2845442528e907,6,78,5263.385756676558,100.0,1,78,930,0.006553307556274915,0.526,28.09819260857837,1984.0,0.051543026706231454,0.54,217.8278931750742,1984.0,253,84,0,0,7.0
75aa1fd61921d68f59be09d2146a4b2b9442f41f,5,27,4975.283783783784,100.0,1,29,188,0.0040638550638550635,0.13653846153846153,169.07145827145825,2128.0,0.00891891891891892,0.28,305.7837837837838,2644.0,54,20,0,0,8.0
75b4f05700440a54255124cf44b8ca0d4252df85,12,120,5807.730434782608,100.0,1,122,1443,0.01732902134097786,0.923846153846154,78.76103569961693,1984.0,0.03260869565217391,0.95,161.27826086956523,10044.0,388,72,0,0,10.0
75c2aec59b46e4c6745540c0af596b8cc6db5cb5,11,58,5347.062827225131,100.0,1,62,730,0.036154312482777624,0.5280000000000001,832.275337558556,41048.0,0.05157068062827225,0.59,921.6125654450262,41048.0,157,34,0,0,6.5
75ef6c3aff156ef52aa846c2fc3b26271e50e335,4,49,4928.346590909091,100.0,1,49,568,0.009471930846930847,0.5284615384615384,82.57793317793318,5937.538461538462,0.03920454545454546,0.55,228.4090909090909,6312.0,131,45,0,0,
761459daa69061bdf66d850ebf8877f0c84e48ae,1,1,0.0,100.0,1,1,0,0.0,0.0,0.0,0.0,0.0,0.0,0.0,0.0,0,1,0,0,3.0
76578f23a12fae71dcf7aff5aa48a7ace122f5f2,9,68,6290.946078431372,100.0,1,76,872,0.020242355946209902,0.5700000000000001,125.04180997676603,1984.0,0.08049019607843139,1.06,385.19607843137254,17056.0,180,24,0,0,8.0
766fb145487f13f1cbb3fae79c2345c8786c1542,11,104,4284.843691148776,100.0,1,104,1891,0.004618064609590034,0.6076923076923078,57.40510111357569,10044.0,0.008116760828625237,0.98,96.8286252354049,10044.0,403,128,0,0,9.0
769df9fad97e6d153e170a9ec41e33e8410f4b6b,6,100,6394.96,100.0,1,100,554,0.018556686909581645,0.6030769230769231,252.85840755735492,32334.76923076923,0.0313,0.94,414.06,55448.0,173,27,0,0,7.0
76a99a326da360af0510be654283819bb4717d9a,11,77,5340.878260869566,97.8695652173913,1,79,3917,0.05384959756802605,1.0046153846153845,370.49981125656626,10661.538461538461,0.13002898550724637,1.2,1051.536231884058,25424.0,319,26,0,0,10.0
76adaa79b0d19f7d32da3bf027c2b4fb995952ec,11,61,6341.308641975309,100.0,1,70,620,0.014336225463021442,0.6034615384615385,109.96589835593667,3781.714285714286,0.03185185185185185,1.05,245.23456790123456,10044.0,140,22,0,0,10.0
76cd92b2caf3ba3f11f97bcf4e037fae81122578,5,59,4400.457777777778,100.0,1,59,822,0.003554074074074074,0.42999999999999994,283.16088888888885,10044.0,0.007555555555555557,0.61,320.19555555555553,10044.0,169,56,0,0,9.5
76f5d35cd62f4c2d48632c8b82a04bed0e161226,10,98,5037.1682692307695,100.0,1,98,1146,0.007029380341880342,0.5290000000000001,71.84615384615384,10044.0,0.010384615384615384,1.04,183.17307692307693,10044.0,318,98,0,0,9.5
77051baba74aab402905de65e8e0bf18e2907ca8,9,67,4288.488425925926,100.0,1,75,3032,0.02773572759063597,0.76875,141.12599790662819,1984.0,0.06050925925925926,1.05,286.4259259259259,3696.0,353,79,0,0,9.0
771f7a4ff0b16239a5f4a828485e057bd3069308,13,97,4776.073825503356,100.0,1,97,648,0.004375838926174496,0.524,17.75391498881432,1984.0,0.012348993288590605,0.54,53.261744966442954,1984.0,203,95,0,0,5.5
77454c216b4f9b1e291fea17f31a824ef4d0a4a6,9,81,5050.068273092369,100.0,1,81,879,0.011056894243641233,0.2966666666666667,122.4249378466246,1984.0,0.049036144578313255,0.54,326.87550200803213,10044.0,192,57,0,0,10.0
77f0f8d9b0f3d59cd0bb01ae985a5ada6fc14dc1,10,97,5956.20979020979,100.0,1,97,711,0.016236497767966297,0.6080769230769231,409.59385230154464,41048.0,0.05136363636363636,0.95,553.3986013986014,41048.0,239,47,0,0,10.0
7808a1989290cbf25b57bd60e74c56662eeba656,5,30,2767.2262773722628,100.0,1,30,521,0.0020948905109489054,0.052000000000000005,19.690510948905107,1705.6,0.020948905109489054,0.52,196.90510948905109,17056.0,87,50,0,0,7.5
78269c872dcec789b204623749f7d1bae813fe49,1,3,3481.5,100.0,1,2,37,0.23455465587044533,0.5676923076923077,757.7044534412955,1809.8947368421052,0.37,0.94,1157.0,2644.0,3,1,0,0,10.0
7855b4de6d964e1f7477a3a40d384de9f4602f49,16,91,5062.15458937198,100.0,1,92,1672,0.03881474357213878,0.8071428571428569,311.9009463094522,2521.8947368421054,0.06891304347826087,1.05,567.43961352657,10044.0,348,66,0,0,8.0
785b27857468f61bde60ab25c5509e8ed38155d7,6,70,5672.794117647059,100.0,1,70,505,0.007127941176470588,0.43666666666666654,447.9992156862745,17796.8,0.01111764705882353,0.55,616.1882352941177,25424.0,138,32,0,0,10.0
787ac9013d322ae24dda40f918c05f9fe47601ca,1,15,5185.846153846154,100.0,1,15,153,0.000560897435897436,0.005,33.25,534.75,0.002564102564102564,0.02,312.4102564102564,2456.0,27,12,0,0,10.0
78ca432228d8679112c09d9b3d50491c5539681a,1,2,3833.3333333333335,100.0,1,2,37,0.08850000000000001,0.1355,583.4666666666667,875.2,0.36000000000000004,0.54,1458.6666666666667,2188.0,3,0,0,0,10.0
78d8860538c6853a9c13a0c232dadcfa0d516f08,15,101,6939.217391304348,100.0,1,101,259,0.006292445721940058,0.3689473684210527,69.85179438522074,2242.1052631578946,0.017282608695652176,0.54,145.8913043478261,3424.0,151,33,0,0,9.0
78ede02e6c03a1eb32ff3f464f4f7ae3e6510766,12,38,3290.9526627218934,100.0,1,38,602,0.05316173570019724,0.7590000000000001,325.30808678500983,2128.0,0.10337278106508875,1.04,480.66272189349115,2128.0,117,52,0,0,9.0
791e60a07f6b6776d54f791791828b1895c9b670,5,26,4700.395833333333,100.0,1,26,67,0.0,0.0,0.0,0.0,0.0,0.0,0.0,0.0,29,19,0,0,4.0
7953012ece7e7f5c184ec3ce99de925dc01c46ef,5,109,5464.112716763006,100.0,1,110,1141,0.02617807914628724,0.5316666666666667,125.2933155476508,1984.0,0.06260115606936416,0.62,252.28901734104045,1984.0,286,60,0,0,9.0
797a55490bd05c98e9b604b19c3ab90125c9431b,6,41,6595.279411764706,100.0,1,41,230,0.03279298642533937,0.6073076923076923,319.1452560511384,2264.114285714286,0.05044117647058824,0.94,516.8823529411765,2644.0,60,8,0,0,9.5
797c7c555f32a47816ca7f0c017002a2131c132a,4,32,3384.818897637795,100.0,1,32,452,0.043031496062992135,0.53,178.28661417322834,2008.8,0.05913385826771654,0.55,297.79527559055117,10044.0,86,41,0,0,
7985b1dc9dd0dab814afa417245073d1d74f85ea,4,61,3271.927756653992,100.0,1,61,692,0.0,0.0,18.863463532665055,3518.181818181818,0.0,0.0,51.87832699619772,9676.0,156,107,0,0,9.0
798e6393c36bd3b6dc0a9f97de7d4c87a6e5b252,2,4,0.0,100.0,1,4,20,0.0,0.0,264.53333333333336,1984.0,0.0,0.0,264.53333333333336,1984.0,4,11,0,0,
79a8ea0acc62c00cbe9e6899917fdd233232ee12,5,71,6472.578947368421,100.0,1,71,456,0.009332330827067671,0.8230000000000001,51.579685577580314,1800.4,0.01731578947368421,1.04,322.88421052631577,10044.0,166,24,0,0,9.0
79c48e970f8b0e7a0e074bf7f0a3f201737dde3c,9,58,4137.594117647059,100.0,1,63,340,0.01611078431372549,0.425,92.78117647058824,1984.0,0.025294117647058828,0.56,105.03529411764706,1984.0,100,70,0,0,9.0
79f071f88a5c4c3bd278b93f9f622e90e15a10f0,1,1,0.0,100.0,1,1,0,0.0,0.0,0.0,0.0,0.0,0.0,0.0,0.0,0,1,0,0,1.0
79fb09750bdb85310622bf240e1060ef8de8bce1,3,23,5028.035714285715,100.0,1,23,148,1.785714285714286e-05,0.001,70.85714285714286,1984.0,0.00017857142857142857,0.01,70.85714285714286,1984.0,44,12,0,0,
7a0e5d245539a1b2906358ad255a4375f914d37c,5,56,5772.8633540372675,100.0,1,60,348,0.0006335403726708076,0.051000000000000004,35.736645962732915,2579.2,0.006335403726708075,0.51,332.72049689440996,25792.0,124,37,0,0,9.0
7a7bd043dfb44f7b90dcb37b669e89afcd79d234,5,27,5279.023255813953,100.0,1,27,160,0.0,0.0,0.0,0.0,0.0,0.0,0.0,0.0,36,7,0,0,4.0
7adf3466bea259fdaa24fa131ca2c4d63e9a59e6,7,44,4247.844660194175,100.0,1,44,1117,0.04521009815427291,1.025,218.25163768270565,2212.285714285714,0.06927184466019418,1.04,308.31067961165047,2768.0,155,51,0,0,6.5
7adf5597380b3d9048a47387095d5342a24c07da,7,57,2888.1327433628317,100.0,1,56,494,0.01069775357385977,0.605,64.9284750337382,1818.6666666666667,0.01663716814159292,0.94,87.78761061946902,1984.0,79,34,0,0,8.0
7b27fcdea3732f654b3a3cb4ee1517e8203645a2,9,53,5430.87012987013,92.20779220779221,1,69,561,0.03249952376815731,0.686,201.8659536116058,2566.9,0.0637012987012987,1.05,302.93506493506493,3428.0,125,29,0,0,9.0
7b3d30b5f05d1acd3bd4979bd8e18efaafdcbc62,5,59,3706.221238938053,100.0,1,59,1257,0.01612277005197359,0.5200000000000001,198.9362550920073,2028.0,0.02457227138643068,0.56,250.52507374631267,2184.0,247,92,0,0,6.0
7b6c995004d7267af856efa19b12c7455bccdbd8,9,83,5870.370165745856,100.0,1,83,295,0.0,0.0,0.0,0.0,0.0,0.0,0.0,0.0,134,47,0,0,8.5
7b7d0625e7d073af7c6fa7c1df5ca43ab1232aba,1,2,4210.333333333333,100.0,1,2,28,0.11017543859649125,0.3305263157894737,747.438596491228,2242.315789473684,0.18000000000000002,0.54,1141.3333333333333,3424.0,3,0,0,0,9.5
7bb8bff124f651711732b84262474e1acba69082,6,48,7234.74,100.0,1,51,187,0.020911282051282055,0.5723076923076923,81.95446153846154,1984.0,0.0667,1.0,218.24,1984.0,85,15,0,0,9.0
7cac45d03854038e6854f5b1843cd491021f94bd,6,40,3601.910714285714,100.0,2,40,963,0.017711026077097503,0.5239999999999999,158.60068027210883,11135.619047619048,0.05223214285714286,0.59,345.64285714285717,11752.0,150,73,1,0,7.5
7d111d42f139f151fc24ddcd89c3064467ebceb8,12,81,5718.822727272727,100.0,1,81,861,0.017077638828476148,0.526,83.57735537190082,1984.0,0.03677272727272727,0.55,275.07272727272726,10044.0,199,21,0,0,7.5
7d9accfb703fb86e2d5f39929309e7f273b46c79,2,7,7272.727272727273,100.0,1,6,3,0.0,0.0,0.0,0.0,0.0,0.0,0.0,0.0,11,0,0,0,9.0
7dc6bcdd4ba4cc84cdbf70b50cb26a72cec3db1e,16,89,4471.031862745098,100.0,1,89,2332,0.038152372352449754,0.8723333333333335,192.93379895817975,3579.0,0.06904411764705883,1.1,282.11764705882354,5268.0,349,59,0,0,7.5
7dee913006479ffaff17ebed5a0b172112a0e115,9,55,3996.5116279069766,86.97674418604652,1,70,1343,0.051738998006410596,0.6345,379.0566735224933,3018.8,0.09632558139534884,1.04,596.3348837209302,5112.0,184,31,0,0,9.0
7df2a39d7e572a525fc26d9633039d83b900ed61,5,62,6367.541353383459,100.0,1,62,210,0.004755639097744361,0.29750000000000004,91.3203007518797,1984.0,0.010225563909774436,0.54,254.37593984962405,10044.0,108,25,0,0,9.0
7e4e1a800af30eb9922c09f9d751b0873e0dc467,6,51,4783.371134020618,100.0,1,51,654,0.017403503140616543,0.5676923076923077,374.61431466586106,10044.0,0.0584020618556701,0.94,627.6701030927835,10044.0,143,51,0,0,9.0
7e585ba8095284ba4d7f920b37ee3e76ab6caa4c,4,37,3145.6101694915255,100.0,1,37,1414,0.006944471347861177,0.4133333333333332,179.9819209039548,10044.0,0.009559322033898306,0.65,212.29830508474575,10044.0,219,76,0,0,3.0
7e783577c8297bd74f8f12a2d4787f9cdfdfee02,5,82,6283.5390070921985,100.0,1,82,290,0.003820330969267139,0.48666666666666664,31.97730496453901,2128.0,0.007517730496453901,0.54,57.304964539007095,2128.0,117,24,0,0,6.5
7ee4cfff4c6cd84aa82b14208a75df86bcff9fba,8,98,6438.565217391304,100.0,1,102,584,0.0025201549023059324,0.5638461538461539,56.38695769524145,2652.6666666666665,0.005130434782608695,0.94,91.65217391304348,2768.0,206,24,0,0,9.5
7eeef145cb4a17be79b2251b164bcaf5d15a4995,5,101,5065.203463203463,100.0,1,100,530,0.0004545454545454546,0.053000000000000005,10.306493506493508,1984.0,0.004545454545454545,0.53,25.766233766233768,1984.0,169,62,0,0,9.0
7f2bf222342aac2992fe15f12039b9f7123524c6,5,71,3999.749262536873,100.0,1,71,1575,0.0051213462054170026,0.52,53.37477154114322,1984.0,0.009380530973451328,0.54,93.66371681415929,1992.0,274,65,0,0,9.0
7f5f84b208b2889ece946b277eaca95d838072bd,11,109,6461.007518796992,100.0,1,109,573,0.009744650086755352,0.6034615384615385,71.92585125818208,1984.0,0.030601503759398498,0.95,171.54887218045113,1984.0,218,48,0,0,10.0
7f8b72d92d190113dbc807befe9e8033ecdda75f,12,111,4498.215953307393,100.0,1,113,2405,0.015423910719630564,0.6061538461538462,135.7846055889636,2140.0,0.03745136186770428,1.04,276.49027237354085,2800.0,430,84,0,0,10.0
7faa61077b62629df7a5b7c828f98b2337a2dfdb,9,82,4491.023041474655,100.0,1,82,748,0.01337828914557025,0.5389999999999999,100.73178925529157,1984.0,0.022027649769585253,0.64,178.50691244239633,6056.0,163,54,0,0,9.5
80212c0b606f5dcba043483a07f677a5455c3901,8,24,3243.2432432432433,100.0,1,24,26,0.03783783783783783,0.71,643.4594594594595,1984.0,0.03783783783783783,0.71,643.4594594594595,1984.0,68,6,0,0,9.0
802b44166f1c38ec00397c57abdf65b7596b9f0e,9,65,5266.845714285714,100.0,1,67,475,0.01576190476190476,0.527,101.04228571428573,2008.8,0.03925714285714286,0.54,204.77714285714285,10044.0,137,38,0,0,7.0
806b5e171e5cd80e62cc28bc7fb644f6b50399de,7,19,5142.857142857143,100.0,1,19,59,0.0,0.0,56.68571428571428,1984.0,0.0,0.0,56.68571428571428,1984.0,31,4,0,0,8.0
80a1456c85989c36b524eb16f1afdfa2c5480121,10,66,5551.030188679245,100.0,1,72,1393,0.021616663525455004,0.6090625000000001,213.66278282092856,2250.0,0.07283018867924529,1.06,537.433962264151,3036.0,236,29,0,0,10.0
80c6f8b8c212e86aac90ea06ba6dff1bad8b5541,6,102,6858.196721311476,98.90710382513662,1,105,373,0.020883350663333407,0.6038461538461538,101.72064236533606,1984.0,0.030928961748633882,0.94,166.20765027322403,2644.0,147,36,0,0,7.0
80cb3c3cef8030674baa141475951b20ae73089a,5,65,4972.395238095238,100.0,1,65,800,0.0022571428571428573,0.47400000000000003,45.78285714285715,5844.8,0.0025714285714285717,0.54,47.06666666666667,5916.0,180,30,0,0,5.0
80dd54e80df2e8833ebb3927fd55a514dcfe637d,4,66,6350.71102661597,100.0,1,66,524,0.00458555133079848,0.054000000000000006,36.92167300380228,2008.8,0.04585551330798479,0.54,262.6615969581749,10044.0,220,43,0,0,8.0
80fc80505e08153a938e34945ea74064467c5e12,5,34,4677.20652173913,100.0,1,34,384,0.0,0.0,0.0,0.0,0.0,0.0,0.0,0.0,75,17,0,0,4.5
8142efda300bc5bd5a3368d957f2904fb41a6062,4,19,6741.935483870968,51.61290322580645,1,19,71,0.0026935483870967744,0.0835,12.8,396.8,0.017096774193548388,0.53,64.0,1984.0,27,4,0,0,10.0
816aa6a9aceb1014260977a52d4ad600065ed4d2,4,62,6174.611464968153,100.0,1,62,398,0.006835048178997224,0.525,287.9461048505635,7229.2,0.009936305732484076,0.54,510.21656050955414,10044.0,136,21,0,0,9.0
816dc441871b06aa3616402b7d2635c5b77f3d8f,6,113,5467.96766743649,100.0,1,118,1016,0.005263279445727483,0.526,105.55716985093429,9039.6,0.008891454965357967,0.54,139.24249422632795,10044.0,340,93,0,0,9.5
81f9930593d1612075b0a4831e1219e9ebbe5aac,6,113,5509.028571428571,100.0,1,118,717,0.0014285714285714288,0.31500000000000006,42.44571428571428,2128.0,0.0043214285714285715,0.54,51.65714285714286,2128.0,225,55,0,0,7.5
81fbb8b81316a0ddabd7838b1b9ecfaee762f70f,6,61,6680.736111111111,100.0,1,60,414,0.002821759259259259,0.4063333333333333,83.12592592592593,1904.64,0.0037500000000000003,0.54,96.44444444444444,1984.0,133,10,0,1,7.0
81fcf2e137c8587b8663ffec7ba1d8184be705b7,8,47,7043.650793650793,100.0,1,47,75,0.0008526077097505669,0.053714285714285714,23.56462585034014,1484.5714285714287,0.0023809523809523807,0.15,43.93650793650794,2768.0,49,14,0,0,8.5
820104bdd2c9a722be349ae3a23eb42926eac969,3,27,3226.315789473684,100.0,1,27,401,0.0,0.0,0.0,0.0,0.0,0.0,0.0,0.0,68,27,0,0,2.0
825e4001677d8644d6df773aea2f924c45d47318,6,61,3166.923588039867,100.0,1,61,1062,0.010747508305647838,0.5279999999999999,116.90055370985603,10044.0,0.012657807308970101,0.55,145.80730897009965,10044.0,194,107,0,0,9.0
82ab2a968469bfa6a3dd02ca619f80a440ff3b98,2,7,6296.692307692308,100.0,1,7,26,0.002307692307692308,0.030000000000000002,403.92967032967033,5251.085714285714,0.004615384615384615,0.06,744.3076923076923,9676.0,10,3,0,0,10.0
82edc69e489959e8b7453b8e3c89c11f2e3e4830,10,70,4536.403973509934,100.0,1,70,391,0.0006944181646168402,0.04028571428571429,84.84995269631031,1988.0,0.0017880794701986757,0.11,112.8476821192053,3552.0,102,49,0,0,9.0
82f9404672305675b631cad221087429c078b8ea,7,39,3510.015503875969,100.0,1,43,490,0.004208904790300139,0.22999999999999998,34.15114291393361,1653.3333333333333,0.02062015503875969,0.54,92.27906976744185,1984.0,82,47,0,0,9.0
8319f9e5000e715c176f1de5d0e33da0b25481f3,13,86,5564.424,100.0,1,89,701,0.03381583034509351,0.8178571428571431,192.0381908617698,2521.8947368421054,0.05612,1.08,525.584,10044.0,198,52,0,0,5.5
835496e3328ccd7ac2ffed3867840e1dce5da83f,18,89,4605.844236760125,100.0,1,93,1658,0.06592268516414812,0.9404545454545455,1613.6435369011822,42963.333333333336,0.14713395638629284,1.11,2422.0186915887853,58880.0,253,68,0,0,8.0
83c0d2f69c3628797f0d6f343c4cd6276dc9d15e,12,89,6313.442708333333,100.0,1,91,440,0.020300429011777695,0.6046153846153846,140.56823242546926,2522.1052631578946,0.030312500000000003,0.94,177.70833333333334,3428.0,163,29,0,0,5.5
83d335d59714648643c6ca68c522a9a37bc9d8ae,6,32,4977.012048192771,100.0,1,33,339,0.0,0.0,0.0,0.0,0.0,0.0,0.0,0.0,66,17,0,0,4.0
83e22c7d80399e360122a5d33f26844b8c04a6af,6,16,3137.2549019607845,100.0,1,16,18,0.003137254901960784,0.16,391.52941176470586,10044.0,0.003137254901960784,0.16,391.52941176470586,10044.0,40,11,0,0,9.0
83e4ca230ab9b35d221d09d335850af44966b772,1,2,1153.6666666666667,100.0,1,1,36,0.37647098515519567,0.6073076923076923,1209.3225371120109,2330.7368421052633,0.49666666666666665,0.95,1542.6666666666667,2644.0,2,1,0,0,6.5
840d07858c03f80f4695056e2cc7d0c474b83a25,6,43,5171.639639639639,100.0,1,44,249,0.001042966042966043,0.054000000000000006,18.895238095238096,1700.5714285714287,0.01072072072072072,0.54,53.62162162162162,1984.0,81,30,0,0,9.0
844f5db2e7e31ae51eba025480679ed7e4708ac6,17,104,4785.224089635854,100.0,1,104,922,0.011510809451985923,0.6061538461538462,92.39750053867701,10044.0,0.01610644257703081,0.98,145.53501400560225,10044.0,254,103,0,0,8.0
845acd04a77b3d1b623f255d9f9f8eae90892dab,8,52,4247.296774193548,100.0,1,53,505,0.002994623655913979,0.23333333333333336,53.409032258064514,2128.0,0.006709677419354839,0.52,64.92903225806451,2128.0,117,38,0,0,6.5
8460eaaf887a6289fb156f7562fb739ba8e9629e,12,114,4278.605026929982,100.0,1,115,2019,0.009255047576128555,0.605,155.85063327487973,10044.0,0.024326750448833034,0.94,412.19389587073607,10044.0,416,141,0,0,10.0
8481a7f00c3d30473b01a8a3cff2564948d24902,4,24,4444.444444444444,100.0,1,24,108,0.0,0.0,0.0,0.0,0.0,0.0,0.0,0.0,35,19,0,0,8.0
84a17972cc6d29489bbe205a9e7feb8745726fbc,6,98,6789.076923076923,100.0,1,110,426,0.0,0.0,1.0901098901098902,198.4,0.0,0.0,10.901098901098901,1984.0,159,23,0,0,
84b6b2d70924066c8345f2bc2281791ae3188da2,7,82,6261.65625,100.0,1,82,324,0.014829326923076924,0.6030769230769231,49.337606837606835,1984.0,0.025124999999999998,0.94,91.925,2400.0,126,34,0,0,
851d9a4b9b8e236f2d62282ddf06fae57b7d9492,12,95,4466.7043701799485,100.0,1,97,994,0.007760850861581481,0.6057692307692307,95.3660647565126,2336.6315789473683,0.013778920308483291,0.94,124.53470437017995,3548.0,272,117,0,0,
8531dba6dd1818a4e3f3ba5e355e1e5ea9276afe,13,72,6487.5542857142855,100.0,1,72,324,0.01888,0.5280000000000001,86.16228571428572,1984.0,0.03085714285714286,0.56,113.37142857142857,1984.0,144,31,0,0,
8554d1155712da4bc72ec5921db3227311265359,11,110,4827.623222748815,100.0,1,110,1877,0.03743391568087904,0.9379166666666666,238.1268640926075,4569.5,0.08191943127962086,1.19,369.2796208530806,4988.0,357,65,0,0,
8576d2d269326a29503a1763996227723fa531a7,11,73,6554.307228915663,100.0,1,80,470,0.013656104857094162,0.5684615384615385,215.0605536203168,12011.666666666666,0.03819277108433735,1.07,799.3012048192771,76700.0,144,22,0,0,
85838695003ef753ce13327655b84defa54d6eae,7,114,4800.396190476191,99.23809523809524,1,130,2270,0.03882385395723742,0.8085714285714286,223.34897165991904,10201.666666666666,0.07737142857142858,1.18,354.9790476190476,11368.0,422,103,0,0,
859c3b6fce7256abf5acfef957e6c04134c01e4b,6,64,6999.054263565891,100.0,1,65,205,0.00023255813953488373,0.030000000000000002,8.34905869324474,1077.0285714285715,0.0004651162790697674,0.06,15.37984496124031,1984.0,112,17,0,0,
85bebedd9d4605ff6823f6f25c761e64a588bf22,7,44,6224.790697674419,100.0,1,45,288,0.016911420620722945,0.6057692307692307,177.86802964477383,3782.285714285714,0.0524031007751938,0.94,396.2170542635659,10044.0,110,19,0,0,
85bf028205803eb9b1e5494c540ddd2938606606,8,50,6213.840206185567,100.0,1,52,441,0.007992083946980855,0.8387500000000001,171.27611683848798,4247.833333333333,0.020463917525773197,1.06,516.3092783505155,5668.0,166,28,0,0,
861075bc29124627aacce66a29c6dd835abcf3be,4,50,4446.077669902913,100.0,1,50,1018,0.016596008629989212,0.5288888888888889,94.82718446601942,6026.4,0.02883495145631068,0.55,157.66990291262135,10044.0,160,46,0,0,
8674a295a4ae610ccd77b60cbaa692db6a875761,10,93,4299.533875338753,100.0,2,95,1453,0.023469805888018443,0.8042857142857142,1268.4691422366454,21692.2,0.042574525745257455,1.05,1820.9972899728998,68740.0,280,89,0,0,
86a7e49131f2acbd350c4b0b9a2243838bd4e122,6,51,7303.989247311828,100.0,1,51,425,0.0730637546443998,0.6057692307692308,240.10450194966324,1415.0857142857142,0.12225806451612903,0.99,406.1505376344086,2644.0,89,4,0,0,
86adc493a1cc74328222a194a1d1e3adf098b5c8,5,23,8677.297297297297,99.5945945945946,1,23,93,0.012063078663078665,0.23045454545454547,80.12806052806053,714.6666666666666,0.08702702702702703,1.04,509.94594594594594,6200.0,36,1,0,0,
86d9a98ab0225d2c2faf6d51fe3b9fad194c3ce3,4,83,7512.865546218487,100.0,1,83,80,0.00044537815126050425,0.053000000000000005,1.6672268907563026,198.4,0.004453781512605042,0.53,16.672268907563026,1984.0,97,22,0,0,
87322721181928972ce2b67242f61ff23275f3dd,10,97,5996.887272727273,100.0,1,97,816,0.004422537462537463,0.5534285714285716,197.93026464444645,32157.846153846152,0.020545454545454547,1.04,369.3381818181818,53296.0,238,37,0,0,
875e48fd13e52a01a4d48d745d72128f25b9ec81,9,52,6017.812080536913,95.67114093959732,1,52,972,0.01924092156375208,0.6561904761904762,344.5180303363375,2240.842105263158,0.09355704697986578,1.05,1236.2147651006712,5904.0,139,10,0,0,
87752697bce404c9b410be71a45e76f3c7fc9392,4,62,6923.4899328859065,100.0,1,62,243,0.0,0.0,14.646979865771813,1984.0,0.0,0.0,26.630872483221477,1984.0,127,22,0,0,
87b3a5eca0c70c7828168756cd7813cc8b3285bd,5,71,6621.502958579882,100.0,1,71,480,0.004848126232741617,0.4103333333333333,31.305719921104533,1984.0,0.006390532544378698,0.54,35.218934911242606,1984.0,153,16,0,0,
87ce4212940578f8ab9aaab4616b104ab515d4e9,7,113,4529.490476190476,100.0,1,118,1851,0.008357875457875459,0.54,77.38700854700855,2128.0,0.01604761904761905,0.66,130.22857142857143,10044.0,470,160,0,0,
87e4a8d6efab19e147f510e9b5d10c0d0ff5845e,3,24,6919.829787234043,100.0,1,24,242,0.07757306523263971,0.8520000000000001,313.9155482815057,2208.8,0.1351063829787234,1.04,548.5106382978723,2644.0,43,4,0,0,
88003ba023714648c4312658ad9a4b3703e56de0,3,4,2857.1428571428573,100.0,1,2,5,0.0014285714285714286,0.01,709.7142857142857,1988.0,0.0014285714285714286,0.01,709.7142857142857,1988.0,14,0,0,0,
88188301e8d3565c7f1e2cee1f9ab8794676216a,14,68,3258.871485943775,100.0,1,68,1002,0.01506310958118187,0.7821428571428571,67.17354832865296,2008.8,0.02610441767068273,1.04,149.22088353413653,10044.0,174,75,0,0,
8819c6723e6d42ad569274ebe2ce4212fd8621c4,12,79,7125.181818181818,100.0,1,79,426,0.027592250161762356,0.5673076923076923,253.10427502037257,6244.461538461538,0.055818181818181815,0.96,644.8242424242425,11360.0,150,15,0,0,
884afc60bb87e1f0d85311221487273fc5d13d13,4,53,4722.730569948187,100.0,1,53,685,0.0,0.0,125.41347150259067,1984.0,0.0,0.0,133.63730569948186,1984.0,157,36,0,0,
8866a6da23ad8a2abfb243905e0b5e2c98e366bc,5,114,4523.157270029674,100.0,1,114,945,0.020818920446516887,0.53,131.5295746785361,2184.0,0.03522255192878339,0.59,185.49554896142433,2184.0,246,91,0,0,
88a694a270a460f5a09e1e8c569b036d03b9b5ea,9,67,5919.091603053435,92.06106870229007,1,68,838,0.008134484429904278,0.9293,54.704467373169656,2208.3809523809523,0.013664122137404582,1.05,219.32824427480915,11780.0,116,15,0,0,
892240639d1170ec0f4bb6248ba3e9bd390ed089,5,110,4884.466480446928,100.0,1,110,937,0.01023670370597745,0.525,205.4748194077803,10044.0,0.030195530726256983,0.55,323.731843575419,10044.0,264,94,0,0,
89521736c16fbbd86315c3f3c555132aee8896ae,4,75,6039.032679738562,100.0,1,75,388,0.014206971677559913,0.43266666666666664,105.68366013071896,1984.0,0.03993464052287582,0.54,168.5751633986928,1984.0,123,30,0,0,
8960e95f79cd20b46b7e8fd09d0aa88015566a9a,9,109,6015.90625,100.0,1,119,634,0.004232872596153846,0.5229999999999999,17.825,1984.0,0.020742187500000002,0.54,77.5,1984.0,211,45,0,0,
8968e2c95fd09b05d48b4b094529d54d06bf6da5,5,58,5121.583333333333,100.0,1,58,584,0.005315476190476192,0.5210000000000001,37.864285714285714,1996.4,0.012678571428571428,0.54,107.02380952380952,10044.0,142,26,0,0,
899bf68f741b96e69c8b1d6bf22fd86e00b7c00f,6,39,4936.307692307692,100.0,1,41,432,0.030865014792899412,0.6026923076923077,143.22366863905324,1984.0,0.054134615384615385,0.94,190.76923076923077,1984.0,90,14,0,0,
89b7eb7ce1dccd4f6a7eb59017ac455cf1e57766,7,52,4759.843373493976,100.0,1,52,600,0.00363703164305574,0.6034615384615385,96.0852111743678,2128.0,0.00572289156626506,0.94,137.0843373493976,2768.0,134,32,0,0,
89cc639060f3d63cf21d893882e544497e32aeea,5,64,5586.618784530387,100.0,1,64,429,0.005232044198895028,0.317,19.730386740331493,1190.4,0.03779005524861878,0.55,142.4972375690608,1984.0,142,39,0,0,
89cd14d1bb26c559102e9080a85ffa977cde7fda,4,53,7375.172839506173,100.0,1,53,103,0.0,0.0,0.0,0.0,0.0,0.0,0.0,0.0,69,12,0,0,
89d4e10b3c250c027e108d10ebc00bda239e7e39,6,16,6893.74358974359,100.0,1,16,99,0.027948717948717946,0.5457142857142857,188.04981684981684,1984.0,0.055384615384615386,1.08,345.43589743589746,2768.0,36,3,0,0,
89fe8b96c04597a0fb63dca3a86e5f36e7580940,6,20,6515.764705882353,99.8529411764706,1,20,865,0.02911574798248315,0.42619047619047623,457.53226167494523,3164.6666666666665,0.07872549019607844,1.03,1361.4117647058824,9796.0,95,7,0,0,
8a97d52d61d704e77f82fd7f1161d98054f48f25,7,85,5399.989473684211,100.0,1,85,360,0.008349797570850201,0.5434615384615384,31.649392712550608,2140.0,0.010842105263157894,0.99,37.915789473684214,2924.0,135,55,0,0,
8ab396fa5981adcdc777254c57ea744f1fd4cd2c,1,1,3461.0,100.0,1,1,17,0.6065384615384615,0.6065384615384615,1297.2307692307693,1297.2307692307693,0.94,0.94,1984.0,1984.0,1,0,0,0,
8aea6c59a11267f4143312770b4c84a2be56f353,5,93,5794.317857142857,100.0,1,93,687,0.011960622710622712,0.23500000000000001,89.45260073260073,1984.0,0.060892857142857144,0.55,255.0857142857143,1984.0,230,50,0,0,
8b158f3040b574b6d08148e24946fba8bbdc29ca,4,60,3620.5651105651104,100.0,1,60,1923,0.012663795391068119,0.5223076923076924,138.2556359283632,10044.0,0.017764127764127766,0.55,185.54299754299754,10044.0,298,109,0,0,
8b2735093e532de21b7aabee43b9c76278bdd5cb,7,105,6179.369863013699,100.0,1,109,1286,0.02748295115422909,0.7222500000000001,284.8281113743262,9830.2,0.048321917808219185,1.04,572.027397260274,20732.0,260,32,0,0,
8b3f8cb80815c489e6278cfc1a371b3bee3f6e1e,5,104,5303.292929292929,100.0,1,104,698,0.042244625744625744,0.5283333333333332,637.7431753431754,10044.0,0.061717171717171726,0.69,696.7811447811448,10044.0,256,41,0,0,
8b43c7696dc13421431102cb4385363ee33513e0,7,21,6538.461538461538,100.0,1,21,17,0.026153846153846156,0.51,101.74358974358974,1984.0,0.026153846153846156,0.51,101.74358974358974,1984.0,39,0,0,0,
8b557374000feae5ac9aee7b4078bfea53176ffc,4,65,3603.4892307692307,100.0,1,65,858,0.008966153846153846,0.529,429.29633566433563,10044.0,0.023292307692307692,0.54,494.4492307692308,10044.0,213,112,0,0,
8b65dcf807a9de0c95c0896919da04523176fab8,6,73,6407.228813559322,100.0,1,73,247,0.008991525423728813,0.2933333333333334,62.49039548022599,1984.0,0.022627118644067797,0.54,84.0677966101695,1984.0,96,22,0,0,
8beffc1494bb81af08c352aea875a183e45bd824,15,88,5331.574380165289,100.0,1,89,1147,0.053923352531307076,0.8057142857142855,1215.3394072434744,60613.066666666666,0.09822314049586776,1.12,2463.471074380165,124056.0,206,36,0,0,
8bf27a767fce0a5fb359059183d06e01d62dca8c,6,27,3220.3762376237623,100.0,1,26,376,0.026598774163130598,0.57,105.27608892757408,1980.0,0.03752475247524752,1.04,189.82178217821783,2644.0,59,42,0,0,
8c5d6de5fca9e769de9676c911d9e082ec1a9fb4,2,11,5545.454545454545,100.0,1,11,38,0.0,0.0,0.0,0.0,0.0,0.0,0.0,0.0,16,6,0,0,
8c6976c873d2ab3f4af9188a4189c46a032a53d5,9,76,5156.003875968992,100.0,1,76,586,0.008180106714990436,0.5229999999999999,68.7730997684486,1984.0,0.020542635658914732,0.54,138.48062015503876,2000.0,190,68,0,0,
8cf96ad1e77c722694ef03a06a781d61d632f2c0,10,98,5819.128472222223,100.0,1,98,869,0.04040335648148148,0.529,223.88787878787878,2128.0,0.046875,0.55,255.38888888888889,2128.0,258,30,0,0,
8d0a196c1c472a4601384f4235f293c4a341b3a9,5,56,6937.4051724137935,100.0,1,56,321,0.008852011494252873,0.4349999999999999,89.18975966562174,2800.8,0.03672413793103448,0.55,291.82758620689657,10044.0,107,9,0,0,
8d14518288c33c098206996aab23c31b3eefc864,4,32,2861.214876033058,100.0,1,32,1282,0.015179063360881543,0.53,72.87419651056014,1984.0,0.015619834710743803,0.55,73.78512396694215,1984.0,181,61,0,0,
8d65a433657534866907ca34885953c36951db06,5,49,5156.260563380281,100.0,1,49,373,0.0,0.0,13.971830985915492,1984.0,0.0,0.0,13.971830985915492,1984.0,105,37,0,0,
8d811d7887c2c868b631a2bd296412bde2b49bae,6,50,4847.561702127659,100.0,1,50,1424,0.04296494947133245,0.6053846153846154,309.731325695581,2240.0,0.10319148936170212,0.94,531.1489361702128,3600.0,196,39,0,0,
8d9b19c2ff7d630d2d48932f3c1d35aaa97ad51f,9,74,5802.769911504425,97.87610619469027,1,75,1793,0.031993152642757844,1.019230769230769,285.22841496786873,3178.3333333333335,0.0815929203539823,1.08,962.2831858407079,7860.0,190,36,0,0,
8dada7632816cb20f182c306ae74184ea9e056fb,10,69,6191.082352941176,100.0,1,70,328,0.008240196078431372,0.5191666666666667,48.12705882352942,1984.0,0.025,0.54,94.61176470588235,2196.0,134,36,0,0,
8e20affd5aca29391f582b7dd756c83205297c11,11,100,4939.210116731518,100.0,1,100,843,0.017075917780409407,0.7260000000000001,118.8106584668926,5250.742857142857,0.03128404669260701,1.06,196.5136186770428,9676.0,197,60,0,0,
8e3a076971fce919b1a5a0bc62dcef86264a1c24,10,65,6107.114285714286,100.0,1,71,955,0.019266143380429094,0.532,93.08500261643118,1984.0,0.03175510204081633,0.65,161.9591836734694,1984.0,221,24,0,0,
8e5fc3c13f17c0502fe3f0a8404b461b46183f8a,8,45,7345.5526315789475,100.0,1,48,445,0.017701320609215344,0.7569999999999999,1444.8458164642375,128309.71428571429,0.03508771929824561,1.03,2912.842105263158,236360.0,110,4,0,0,
8ee77ba42fdd6aff7a9eaa84d70064c4cb39cdc2,4,50,7356.925,100.0,1,50,90,0.000125,0.01,25.728571428571428,2058.285714285714,0.000625,0.05,125.55,10044.0,67,13,0,0,
8ee958ba68793684a9962e1b60847d7b73d7c9d1,6,99,5059.419354838709,100.0,1,99,1129,0.013995164993467198,0.6034615384615385,110.77112044718157,2008.8,0.029178885630498537,0.94,225.11436950146629,10044.0,275,66,0,0,
8ef999ab1a83c2760064ac6c7a4b6c4115c5a186,10,50,3549.959706959707,61.172161172161175,1,65,3262,0.11446109670177994,0.9433333333333334,951.4703903411978,3643.0,0.21695970695970698,1.13,1669.919413919414,5168.0,230,43,0,0,
8ef9f17bb904f437ec0a9849d820ed0f86843517,7,48,5162.638743455497,98.42931937172774,1,63,897,0.03658894561694471,0.7306666666666668,210.8288554301757,2837.6,0.06958115183246073,1.05,513.7591623036649,11500.0,164,27,0,0,
8f19ffb508b23f955b93ebd99153f8ec99025785,4,59,8022.621359223301,100.0,1,59,181,0.016627831715210352,0.43899999999999995,83.71003236245954,1653.3333333333333,0.021067961165048544,0.55,272.07766990291265,10044.0,94,9,0,0,
8f7402db46b9b2a95aaa8282be9e471a3ee659ba,7,101,6218.802030456853,100.0,1,100,567,0.0012677974495480995,0.2497560975609756,26.157335644422435,2128.0,0.0027411167512690357,0.54,71.85786802030456,10044.0,168,29,0,0,
8fa7abd9421e396273c3571b177340434fc132f6,4,16,3700.095238095238,100.0,1,16,108,0.0,0.0,50.666666666666664,2128.0,0.0,0.0,50.666666666666664,2128.0,28,14,0,0,
8fdb7157f90753735edf97fcc828b75e6a8042d6,5,71,3940.2,100.0,1,71,761,0.007023030303030303,0.526,70.54060606060607,1984.0,0.008,0.55,108.61090909090909,2092.0,185,90,0,0,
9038ddd6c0d498cb8c65b4510e99e8527eabd40c,20,129,3737.4027237354085,100.0,1,131,1938,0.02490721285701923,0.8057142857142855,192.87130104692574,8035.2,0.06099221789883269,1.04,656.7626459143969,31356.0,323,191,0,0,
9081ee605de7c5e739569f3f829cba953cb918f4,5,71,7775.433333333333,100.0,1,71,136,0.0025833333333333333,0.155,35.98878787878788,1984.0,0.00875,0.53,83.4,2064.0,107,13,0,0,
908365770c09838aa1bc1874bf3915779910e775,9,87,6590.251366120218,100.0,1,87,411,0.017807672642443997,0.532,121.48157415396416,2934.5,0.05693989071038252,0.55,252.4153005464481,3428.0,158,25,0,0,
908ccf9bf5e0e7ab597a09fa19d91b1a5563b43b,6,74,5850.666666666667,100.0,1,78,353,0.009282212546363489,0.492,239.9004031607805,27465.6,0.02308176100628931,0.53,436.27672955974845,51224.0,129,30,0,0,
909386947a62f62c8b94ddde0b623b87c01e2524,3,10,4352.780487804878,100.0,1,10,343,0.011986062717770037,0.04742857142857143,492.91149825783975,2645.1428571428573,0.03073170731707317,0.15,856.5853658536586,2768.0,32,9,0,0,
90d54808ce52c41418550421c387818cae759dec,9,60,7439.019607843137,88.23529411764706,1,60,267,0.003568111455108359,0.157,133.49734857505754,1574.4615384615386,0.016862745098039218,0.54,426.03921568627453,5268.0,96,6,0,0,
911315669fafba0a06cdbf08da7cff7e81f49759,1,5,3881.5555555555557,100.0,1,5,349,0.0871268115942029,0.47850000000000004,1551.8756038647343,3606.9,0.21111111111111114,1.04,2613.1111111111113,6168.0,17,1,0,0,
911daa5a6058823b007274f35ba038da7ec89a11,10,90,5562.282511210762,100.0,1,90,481,0.0008808456117873159,0.051000000000000004,30.7736066623959,1984.0,0.007309417040358745,0.51,63.497757847533634,2256.0,171,52,0,0,
911f5eafac3def56e71836d495b740cd059edbcf,11,111,5983.430107526881,100.0,1,111,747,0.004861239119303636,0.42028571428571443,54.75430886707184,1984.0,0.03731182795698925,1.05,187.69892473118279,2768.0,234,45,0,0,
913eb5b320c3f4b475e8064303960997b0dd7a9f,6,48,3907.15668202765,100.0,1,50,687,0.003091397849462366,0.2525,20.266666666666666,1818.6666666666667,0.012350230414746545,0.54,64.0,1984.0,136,81,0,0,
9167062812b68b140da9de7f824ec6131ef31a01,9,83,6878.763358778626,100.0,1,83,132,0.0008887677208287896,0.053000000000000005,47.03773173391494,3781.1428571428573,0.008396946564885497,0.53,122.10687022900764,10044.0,105,26,0,0,
917f1aba835e5d7e79fc124c1d7a3c8c2588cf8b,8,83,5240.940074906367,100.0,1,83,1263,0.0688822747712458,0.6107692307692308,347.8747822451548,4570.166666666667,0.13516853932584272,1.06,513.2883895131087,4988.0,233,34,0,0,
91ccfc470d803af51ecbb91da39db5592e3a3324,19,113,6012.526315789473,100.0,1,114,1238,0.03325217652225407,0.7743333333333334,148.6042378385977,1984.0,0.07755417956656346,1.04,302.4767801857585,2768.0,284,39,0,0,
91eb4058d0937eb5499d0f6b2a8dbae6f47eddf9,3,29,8084.926829268293,100.0,1,29,52,0.0,0.0,0.0,0.0,0.0,0.0,0.0,0.0,38,3,0,0,
91f7019ee1831ead0e667cf264dfe7be6b743f3f,9,62,6525.52,93.3,1,64,1338,0.02185599777026093,0.4045454545454546,1438.3833428520797,38648.5,0.08773333333333333,1.04,2762.24,74840.0,135,15,0,0,
920523a6f06947927c3d1b9c2c902fae6eb740a1,6,124,5183.828125,100.0,1,126,1011,0.008502303685897435,0.48833333333333345,230.54749000999,5328.8,0.03221354166666667,0.7,532.4791666666666,53288.0,317,67,0,0,
921b990c548efb5620585b0fe3049ed43dfda903,8,53,5035.87969924812,100.0,1,57,321,0.0,0.0,14.917293233082706,1984.0,0.0,0.0,14.917293233082706,1984.0,95,38,0,0,
92213400df98f5441533511526206328cdde4159,6,45,4629.377622377622,97.9020979020979,1,59,462,0.00362937062937063,0.5190000000000001,52.121034521034524,2128.0,0.0037062937062937065,0.53,84.25174825174825,2128.0,112,31,0,0,
927008a1eb1983b52fe269b504f398ca185603c3,4,55,4869.594594594595,100.0,1,55,575,0.00338918918918919,0.5210000000000001,46.1145945945946,1984.0,0.005783783783783784,0.54,64.34594594594594,1984.0,145,40,0,0,
9272bf390ef4a8e31a5285c14ec721495414c53a,13,79,3458.96,100.0,1,79,1172,0.032231652014652015,0.9400000000000001,109.57892307692308,3137.6666666666665,0.0434,1.05,133.456,3428.0,182,68,0,0,
92828f67b16f5e96ddb0d436aaa6f1193104c037,6,103,5550.293918918919,100.0,1,105,1096,0.0273995148995149,0.8049999999999999,99.62365607365606,1653.3333333333333,0.0510472972972973,1.05,194.8783783783784,2132.0,246,50,0,0,
92a1cd997867a6115b3d079903e63aba8dd214cf,14,89,6503.331578947368,100.0,1,89,595,0.011500250626566417,0.516,63.66075187969925,1984.0,0.028736842105263158,0.54,133.55789473684212,2768.0,166,24,0,0,
92cea32d04d98c66af1c1366fe9811047a9b1cea,12,143,5786.5905511811025,100.0,1,153,1669,0.01794467097862767,0.8078571428571427,179.02373453318336,6540.0,0.043523622047244095,1.07,313.4724409448819,17056.0,428,80,0,0,
92de4c1319bb3b07781b63801e4599302764dc5f,8,59,8036.209302325581,100.0,1,64,191,0.0006976744186046512,0.04,26.935400516795866,2096.0,0.012558139534883722,0.54,70.51162790697674,2096.0,82,4,0,0,
92e2b243f8ca7bf1ce773bedf8205980f034ff05,8,85,4826.74297188755,100.0,1,85,645,0.01718388624222486,0.528,965.2252909072186,80104.22222222222,0.034859437751004016,0.94,1068.4658634538152,80112.0,184,65,0,0,
92f51b59f25a16e76b18441fbe797a2fa2a5d3b5,11,106,5576.90303030303,100.0,1,106,1042,0.018690411635148476,0.7463333333333334,409.33080352396144,10044.0,0.05757575757575758,1.04,643.9515151515152,10044.0,280,50,0,0,
934776ec5bd2147907362602555bd692fc56aab9,11,106,5970.2836879432625,100.0,1,106,741,0.02436018237082067,0.8107142857142857,158.17359000337723,3428.0,0.09049645390070922,1.05,532.8085106382979,10044.0,236,46,0,0,
93635a4013ec683f217cad90ca4e41aa557c3922,1,1,0.0,100.0,1,1,0,0.0,0.0,0.0,0.0,0.0,0.0,0.0,0.0,0,2,0,0,
93bda77bd8d32e4fa1a0549b76f807fbc22f1f7f,5,70,6840.139344262295,100.0,1,70,345,0.02451639344262295,0.43566666666666654,109.67650273224044,1653.3333333333333,0.03098360655737705,0.54,163.50819672131146,2092.0,106,16,0,0,
943f8910b7d79d76726a7c50a996a39a00fb033b,4,52,3433.716845878136,100.0,1,52,1153,0.02192315629412404,0.534,158.77710437710437,10044.0,0.04125448028673835,0.61,235.55555555555554,10044.0,188,91,0,0,
945546f9d4db4b9599e57ffd4271193406f0d96b,4,46,3064.7633136094673,100.0,1,46,746,0.015506903353057197,0.43799999999999994,58.69822485207101,1653.3333333333333,0.019230769230769232,0.55,70.43786982248521,1984.0,112,57,0,0,
947a2e7cf57ae1a546f98831d861cd87c4fd5ff5,5,60,6684.239263803681,100.0,1,60,351,0.011659024862770425,0.527,98.39007334286637,1984.0,0.08085889570552147,0.54,352.9815950920245,1984.0,143,20,0,0,
948fbf59cd52083820e8e1682a5bc2a34793997a,10,76,5851.088815789473,97.77960526315789,1,78,2693,0.10649279814711159,1.0373333333333332,1531.4753641575462,40451.57142857143,0.1979934210526316,1.18,2822.2894736842104,84496.0,290,14,0,0,
94ec21d59f07c2091e0359a0085fa6c569ed30c4,6,51,5939.151515151515,100.0,1,51,491,0.0038235690235690232,0.28777777777777774,65.76761904761905,6026.4,0.008303030303030303,0.55,154.95757575757577,10044.0,134,31,0,0,
950671c7855e25bf4a8330768cabc430bee030c9,8,70,4966.632653061224,100.0,1,70,697,0.0038734693877551024,0.081,118.23020408163266,1984.0,0.017918367346938777,0.53,170.05714285714285,1984.0,193,52,0,0,
951b5bb9ecd6593cecd2bd72fdf62a0785bd3b3b,16,117,5026.325301204819,100.0,2,118,2332,0.02303984987569325,0.8049999999999998,255.20251335010371,11302.0,0.04901606425702811,1.07,539.0120481927711,11900.0,413,84,1,0,
952c0daa0b72620df1288d516f0a2abeb5b3986d,4,17,1767.1904761904761,100.0,1,17,391,0.02102857142857143,0.53,535.9161904761904,10044.0,0.03085714285714286,0.55,818.4,10044.0,70,35,0,0,
952e48fc51ee7afbd972a8305c2f22a80ce9ce92,3,15,5612.9375,100.0,1,15,210,0.06830208333333332,0.4393333333333333,325.64761904761906,1653.3333333333333,0.08750000000000001,0.64,434.0,1984.0,31,1,0,0,
95c2c72faa0bcedf9452be96511b7ab488754e77,11,58,3987.5766233766235,100.0,2,59,2836,0.07748244985283717,0.8380000000000001,5124.053184868361,92570.13333333333,0.14485714285714288,1.1,6220.966233766234,173464.0,300,83,2,0,
96013c7ce1186c9a18f5127959bb867243b1b9f2,8,51,5929.602339181287,91.2280701754386,1,66,470,0.00679790054847263,0.5229999999999999,122.28062910900441,1984.0,0.012280701754385965,1.04,317.2865497076023,3552.0,140,31,0,0,
962de82430c78164a7c1cceffdfe31dd0f3c3cd3,5,50,3726.320284697509,100.0,1,50,1155,0.022954922894424672,0.538,215.42965599051007,2184.0,0.025409252669039147,0.56,413.15302491103205,10044.0,211,70,0,0,
96d8f7656a57c4a757129d95863a463358a0c3ca,6,112,8617.017441860466,100.0,1,116,122,0.010639982110912344,0.5225000000000001,93.37101967799643,2128.0,0.034476744186046515,0.55,187.06976744186048,2128.0,163,9,0,0,
96ded661b95e3d4d3cf1c8d45aeae3b335224583,11,69,7563.987951807229,100.0,1,78,671,0.010681757632546453,0.4251724137931034,66.4941286729854,1434.1714285714286,0.04813253012048193,1.05,207.20481927710844,3036.0,155,11,0,0,
970dc7689a54be2108e10cf65af78d85288b64e9,19,114,6151.2770562770565,100.0,1,114,886,0.01039089709677001,0.38263157894736843,68.27220031786784,2241.8947368421054,0.029696969696969697,0.59,154.37229437229436,3816.0,191,40,0,0,
97469bc8eac2e4fd57266fa9821a50561a4d8473,1,3,5734.0,100.0,1,3,40,0.17061596298438403,0.37315789473684213,1198.0439560439559,1691.7894736842106,0.3271428571428571,0.6,1924.5714285714287,2296.0,7,0,0,0,
97983f3249349cfcb409b75d5f53e5cbab2bfa5a,7,44,6790.024793388429,100.0,1,59,372,0.010396694214876035,0.5280000000000001,45.970247933884295,2188.0,0.025950413223140498,0.54,134.51239669421489,2188.0,115,6,0,0,
979ddec134899a31461a05d820b9d6cad713715b,6,92,6393.65,100.0,1,109,528,0.018994519429845515,0.6614285714285713,72.52419732441471,4080.6666666666665,0.03275,1.04,128.75,5924.0,134,26,0,0,
980a5ef7011a98b8fa55e5ac3d7ebce6f7784286,5,58,4561.048309178744,100.0,1,58,661,0.016391450739276826,0.408,325.5953154735763,10244.0,0.024202898550724637,0.55,358.58937198067633,10244.0,159,48,0,0,
980f92c1ca3d1d662e790e884a1bafb6785dfe45,10,77,4050.757085020243,100.0,1,79,745,0.01225910931174089,0.5280000000000001,50.60404858299596,1984.0,0.026113360323886642,0.55,112.45344129554655,1984.0,171,76,0,0,
9843de5b71377fd3392db81e3178e11bbe90d95c,7,101,7476.730158730159,100.0,1,105,613,0.0331152168169712,0.5130769230769231,134.52389949232054,2336.6315789473683,0.06343915343915343,0.94,251.7037037037037,3548.0,177,12,0,0,
9871e11a3a4574e6b565733fe3e565f13d670744,7,43,6503.736842105263,100.0,1,44,284,0.008699710815500288,0.6046153846153846,44.33496047811837,1297.2307692307693,0.028105263157894737,0.94,146.18947368421053,1984.0,81,14,0,0,
987888aba1d68d84a51fcfef4131d649024e0aec,1,1,10000.0,100.0,1,1,0,0.0,0.0,0.0,0.0,0.0,0.0,0.0,0.0,1,0,0,0,
98903e3bc03971360097ad809526370f701ef5f7,10,87,4465.485436893204,100.0,2,86,1222,0.005332562798582216,0.42400000000000004,97.1373092926491,1992.0,0.009644012944983819,0.55,193.59223300970874,10044.0,236,71,2,0,
98cafa82b3e7f1a3a179c62509778cf9290ca87c,4,62,5866.019867549669,100.0,1,61,352,0.0055936183022275736,0.3790909090909091,106.72745797249108,3013.2,0.021059602649006623,0.55,427.2582781456954,10044.0,123,28,0,0,
9906fd2917a481b373848f6d084228f34ace63a4,5,18,6000.0,100.0,1,17,13,0.0,0.0,0.0,0.0,0.0,0.0,0.0,0.0,29,1,0,0,
99103791231143dd15aa77f2aeb87b2cd4a1c22e,5,29,4848.988888888889,100.0,1,29,353,0.015855379188712524,1.0214285714285716,39.190123456790126,1984.0,0.05266666666666667,1.04,176.35555555555555,1984.0,74,16,0,0,
9938999e257ea21c657f6c63ff386937544987aa,7,102,6837.1469194312795,100.0,1,113,381,0.008361769352290679,0.7330000000000001,31.088151658767774,1653.3333333333333,0.017393364928909954,1.04,104.01895734597156,10044.0,175,36,0,0,
994f5b5cdc8a126efbb290700caf797948ac1841,6,115,7573.9010989010985,100.0,1,115,234,0.0071980135249366025,0.5280000000000001,260.41978021978025,10044.0,0.026483516483516486,0.54,329.14285714285717,10044.0,170,12,0,0,
99751d158308f801241e028eb7c6b0363fc6ec88,5,71,5930.711111111111,100.0,1,71,441,0.006599999999999998,1.0279999999999998,150.10888888888888,10044.0,0.008833333333333334,1.04,166.7111111111111,10044.0,150,30,0,0,
9981528e7324f2d92c27f163b5d0424a07f94b67,5,108,5152.745387453874,100.0,1,108,587,0.008896726274955058,0.522,138.11978427476583,2188.0,0.024132841328413285,0.54,229.21033210332104,2188.0,203,68,0,0,
99935e2b7f9f41bd823ece5418896aaf72e223fc,6,44,6456.1953125,98.0078125,2,44,780,0.03009131181247174,0.46695652173913044,451.64651779832485,16804.333333333332,0.10054687500000001,1.06,1108.09375,49756.0,119,9,0,0,
999704c760821f39257d453f58ae57cdc5db7cee,9,54,5518.497005988024,88.62275449101796,1,70,833,0.017845594525235244,1.0222857142857142,216.32175648702594,2391.542857142857,0.02916167664670659,1.04,449.2934131736527,11752.0,145,22,0,0,
9a20834c7ddbbf82eff849ff8e4f321b856970de,8,61,4989.133333333333,100.0,1,66,1217,0.04523755119301995,0.5692307692307692,312.2439408238367,10044.0,0.10604166666666666,1.04,485.01666666666665,10044.0,198,42,0,0,
9a31bbe1021725b074357ae4668bed6eb7e46bc1,8,49,4294.481203007519,100.0,1,49,1343,0.01017907864900346,0.5548571428571428,41.714094760711305,1984.0,0.015827067669172933,1.04,55.1578947368421,2768.0,213,53,0,0,
9a5d7462df7a85794cd0d7d2c510ebf725d2e13d,1,3,7453.166666666667,100.0,1,3,9,0.0042982456140350876,0.013157894736842105,523.6491228070175,1570.9473684210527,0.08166666666666667,0.25,765.3333333333334,2296.0,6,0,0,0,
9a6d7a470aab3fb51ab58261637c58c239ad804f,14,102,6126.521604938272,100.0,1,103,1662,0.03395438121047877,0.7563333333333335,165.75521429288366,2329.2,0.09253086419753087,1.04,342.5679012345679,8020.0,300,24,0,0,
9a7c94325cf12595e72895187822c354cd8ef458,5,59,6619.330645161291,100.0,1,59,233,0.003553763440860215,0.44066666666666665,30.22222222222222,1984.0,0.004596774193548387,0.57,48.0,1984.0,102,22,0,0,
9a8ad4a46036cc65da3ce25da0a1b9e70f979655,4,14,1113.2317073170732,100.0,1,14,608,0.0019930313588850178,0.03457142857142858,99.81184668989548,1926.057142857143,0.005609756097560975,0.1,184.73170731707316,3548.0,56,26,0,0,
9aace874af47927645c48f21ffeb82f8e15f24e1,10,80,5139.059233449478,98.03135888501743,2,82,3394,0.033886484061544875,1.0003603603603604,633.654798941924,28163.85714285714,0.09860627177700348,1.16,1485.7700348432056,77548.0,271,16,0,0,
9b0622ca034d946055f8590f554fde632487742f,14,77,5815.6082474226805,100.0,1,77,642,0.01966666666666667,0.7493333333333333,116.04658811978399,2184.0,0.04082474226804124,1.1,258.3298969072165,3424.0,166,28,0,0,
9b4fd6bc9be128b294d3a8590bb6a146bc503902,5,97,6046.62100456621,100.0,1,100,487,0.006013698630136985,0.44299999999999995,36.40730593607306,1653.3333333333333,0.008264840182648402,0.72,164.76712328767124,10044.0,172,47,0,0,
9b536900fbffe20f4db747af055dec68b3ddb6ab,1,1,10000.0,100.0,1,1,0,0.0,0.0,0.0,0.0,0.0,0.0,0.0,0.0,3,0,0,0,
9b6d776d82bca421eb10bc4a1f5f866af7fc2a3d,10,66,6838.847290640394,100.0,1,74,814,0.015062264592278003,0.5684615384615385,171.35007014097104,10044.0,0.04167487684729065,1.04,425.35960591133005,10044.0,178,25,0,0,
9b788cef19b68860b4cba1f072cfc4744e6610b7,3,5,4615.384615384615,100.0,1,4,6,0.0,0.0,0.0,0.0,0.0,0.0,0.0,0.0,12,1,0,0,
9b9216e586500b4d619e331890d3745eea1176b0,7,57,5839.933333333333,100.0,1,57,546,0.022245726495726495,0.565,145.9470769230769,2240.0,0.04853333333333334,0.94,274.61333333333334,2644.0,128,22,0,0,
9bbf52d74e4300842b27973d5e1d65a74c54c1b9,5,17,5056.8125,100.0,1,17,60,0.0,0.0,0.0,0.0,0.0,0.0,0.0,0.0,22,10,0,0,
9bc8e6286b7a331de79c4c4e868b806c0b3bb12a,15,102,7013.189189189189,100.0,1,104,674,0.010896384939305072,0.524,90.31988670193728,3812.8,0.031660231660231665,1.04,217.79150579150578,4932.0,229,30,0,0,
9c03af1da21c500de8e0a1be24e3c22d341961ca,1,13,7333.333333333333,100.0,1,13,28,0.0,0.0,0.0,0.0,0.0,0.0,0.0,0.0,16,2,0,0,
9c4e901d499220d23e819ffe0156ef62c7bcfdbc,8,34,5997.169014084507,100.0,1,34,156,0.015507042253521126,0.4409999999999999,169.89859154929576,5594.666666666667,0.046197183098591554,0.61,313.2957746478873,8392.0,63,8,0,0,
9c59b505cc82ae66d54df9629666137c9527e56d,6,108,6322.0,98.77551020408163,1,110,832,0.04852320735118802,0.8764285714285712,337.0077128456935,10044.0,0.09661224489795919,1.06,538.8897959183673,10044.0,221,24,0,0,
9c8c8ca8e36d83954ecf380f84b01759c8363df6,8,18,6363.636363636364,100.0,1,18,6,0.0,0.0,120.24242424242425,1984.0,0.0,0.0,120.24242424242425,1984.0,29,4,0,0,
9cb2a2853cd6c58a9b7d07a87ef3138c3cf723b8,18,108,4865.1184668989545,100.0,1,108,633,0.0109468911636765,0.4894285714285713,192.10748155041443,10044.0,0.028257839721254355,1.08,310.411149825784,19048.0,202,85,0,0,
9cf17df2214b19cf4cd63df22b802afde8cb98eb,1,1,1851.5,100.0,1,1,61,0.9047222222222222,0.9762962962962963,12985.296296296296,13135.851851851852,1.5425,1.55,20396.0,22000.0,4,0,0,0,
9cf5d1c0d7ddfd6b78c222e83894ca3a75ee47f2,6,70,3969.9618528610354,100.0,1,70,1390,0.011149863760217983,0.5269999999999999,75.41362397820163,1984.0,0.013433242506811988,0.58,86.49591280653951,1984.0,259,108,0,0,
9d053bdf589efd451ff25e1977e438b11122e0fa,2,12,3372.527777777778,100.0,1,12,364,0.06680012077294686,0.5986956521739131,348.98067632850245,1587.2,0.19055555555555556,1.04,776.6666666666666,2640.0,32,4,0,0,
9d12b920015fc145b62c73ca689e71a362e33b35,6,50,4393.406779661017,100.0,1,50,397,0.03725786924939467,0.8028571428571428,111.71428571428571,2014.857142857143,0.05296610169491525,1.05,156.23728813559322,3548.0,87,31,0,0,
9d46769291771df99e8061cc9c5d79aacb087210,4,36,2896.3414634146343,100.0,1,36,742,0.0,0.0,0.0,0.0,0.0,0.0,0.0,0.0,121,43,0,0,
9d549d02a71100ae95cf02deb371138097549edc,10,81,6378.148148148148,100.0,1,80,510,0.008169060216679264,0.5191666666666667,49.479667422524564,1984.0,0.009047619047619049,0.54,66.47619047619048,2644.0,166,23,0,0,
9d69c1d50467997289ee1396002cd197883a2b74,1,10,2000.0,100.0,1,10,36,0.0,0.0,0.0,0.0,0.0,0.0,0.0,0.0,9,18,0,0,
9d789185f1d5fb7bd42acd9d6dc1f5380fef1c4c,1,9,3497.5,100.0,2,9,111,0.056361111111111105,0.5693333333333332,6090.144444444445,46103.6,0.09249999999999999,0.73,9102.0,78248.0,11,1,0,0,
9d91374d67624389dacb4b429b8fa8c18442b29c,7,18,5277.777777777777,100.0,1,18,19,0.0,0.0,0.0,0.0,0.0,0.0,0.0,0.0,31,5,0,0,
9db80a153d642e12571588fd68473c6e307195df,11,104,6112.41875,100.0,1,104,876,0.02047833485958486,0.88,158.60423076923078,2184.0,0.043125000000000004,1.04,326.025,3424.0,273,47,0,0,
9de51c3306c206bfeaf41f4aafc8526300a9f103,1,3,2501.8,100.0,1,3,112,0.12726024844720496,0.3860869565217391,1977.086459627329,2661.0,0.45999999999999996,1.05,3313.6,3548.0,5,0,0,0,
9deeecfc873e74ca5ef8b27fb6b22bf7a536ab86,5,37,5206.15,100.0,1,39,293,0.005650555555555556,0.2605555555555556,132.51466666666667,10044.0,0.0209,0.54,179.8,10044.0,75,25,0,0,
9e0457ac0f2824c5e725d83bdeee91ed078343b4,8,111,5804.43661971831,100.0,1,178,846,0.016867594455622626,0.535,163.38175314513344,7703.2,0.033568075117370894,0.63,285.37089201877933,10044.0,336,90,0,0,
9e1f7de0fe95b78cc2236adb52b0420b382b40c3,7,36,5500.45,100.0,1,36,164,0.011428749999999998,1.0318749999999999,292.61638095238095,10044.0,0.021100000000000004,1.04,399.28,10044.0,72,28,0,0,
9e4c480f54169dd91629ec30917139f2b16bf6b3,11,100,7145.153409090909,100.0,1,100,262,0.0032408216783216784,0.5703846153846154,6.937062937062937,1220.923076923077,0.005340909090909091,0.94,11.272727272727273,1984.0,150,26,0,0,
9ec1ac8c3d812703485bee8d58b2a81f4edc8754,5,48,4293.162037037037,100.0,1,48,744,0.0,0.0,21.103086419753087,2008.8,0.0,0.0,85.4074074074074,10044.0,155,61,0,0,
9ec591a707f8d7eaaa8b43b6faa23292511ffef3,9,66,5636.932330827068,100.0,1,66,375,0.0,0.0,17.90075187969925,793.6,0.0,0.0,44.75187969924812,1984.0,111,22,0,0,
9eef5b76500d606c0ace08b9cd3ee9403e9e9664,1,2,7368.333333333333,100.0,1,2,15,0.010350877192982458,0.031052631578947373,591.578947368421,1774.7368421052631,0.02666666666666667,0.08,1141.3333333333333,3424.0,3,0,0,0,
9f605b4802c811805adc38ae19035ded09a5e4b5,7,97,3071.882521489971,100.0,2,97,4572,0.047350996144390804,0.6076923076923078,225.79339232400343,11694.76923076923,0.0728844317096466,0.97,414.7010506208214,51580.0,717,330,0,0,
9f8f3fbc1f6d3f36859a33054203c55d028c6e65,9,53,4708.802083333333,100.0,1,53,353,0.0015535714285714287,0.054000000000000006,19.597619047619048,1484.5714285714287,0.013229166666666667,0.54,70.16666666666667,2768.0,79,17,0,0,
a05a86b21a7d5922fed8c50f36d307ed7a8cc70b,6,113,7018.726415094339,100.0,1,118,528,0.015846819061441704,0.526,134.12322206095791,2168.4,0.03358490566037736,0.54,221.32075471698113,2352.0,194,18,0,0,
a05ee87ddc674ddf01518fe125eaeec0820ea53e,9,89,3510.875457875458,100.0,1,89,1022,0.004896912611198326,0.43114285714285716,112.8019536019536,6391.542857142857,0.011684981684981685,1.05,229.0989010989011,8996.0,184,89,0,0,
a07cb417ba30c0e4d8cc3831f093740ece8be01d,8,38,7301.675,96.1875,1,40,671,0.03340614510131538,1.0219999999999998,1094.6748263631853,22525.04761904762,0.078375,1.04,2189.3,36508.0,76,4,0,0,
a0ec1fa9ef85571c363b1ff524a7bccd583b0ee2,5,42,4798.608695652174,100.0,1,42,223,0.0,0.0,21.83478260869565,2008.8,0.0,0.0,109.17391304347827,10044.0,65,27,0,0,
a10c5f4ba04fc56032719cc84184c0ad5b5f8446,10,57,4447.1858974358975,100.0,1,58,428,0.01784437321937322,0.5240000000000001,83.1951566951567,2066.4444444444443,0.024230769230769233,0.57,90.33333333333333,2188.0,108,48,0,0,
a11fcd52b2df310a3f3bf8e0561a2c587005e96d,6,48,5189.456953642384,96.88741721854305,2,48,996,0.02174257714323939,0.33,296.51867587894077,11125.8,0.04662251655629139,1.05,403.2582781456954,11760.0,126,25,0,0,
a130e19ad47a6849ba0261a7a81a8d9bb93f3a7a,6,102,7134.776422764227,100.0,1,105,548,0.019323722236598274,0.4376666666666666,150.59930408623828,2336.6315789473683,0.03483739837398374,0.55,231.70731707317074,3548.0,225,21,0,0,
a18783b2a14d61192a1b97ce3daca9e67cb8cd59,8,44,6342.657342657342,100.0,1,48,604,0.03745861830477215,0.6076923076923076,151.15499884730656,1984.0,0.08034965034965035,0.97,317.9020979020979,2768.0,128,15,0,0,
a1b60c404f7df8f6f2695982048cac298567b821,4,63,4508.054862842892,100.0,1,63,1440,0.0036683291770573567,0.518,64.65123050958462,2008.8,0.004638403990024938,0.54,183.99002493765585,10044.0,319,82,0,0,
a1d026f103e45011fefbfd9ddc32eedf16edd5f8,6,41,4484.972972972973,100.0,1,43,459,0.00190990990990991,0.054000000000000006,7.149549549549549,198.4,0.019099099099099102,0.54,71.49549549549549,1984.0,85,26,0,0,
a211065a6e065d2421b924d4e9314f1026611aa2,4,49,4798.9405405405405,100.0,1,49,402,0.010924324324324323,0.3546666666666667,111.15315315315314,6014.0,0.017675675675675677,0.55,150.8108108108108,10044.0,129,56,0,0,
a22a58c5be8aa2c2700619e37f2b7a6e4efa7e6b,11,103,5547.465277777777,100.0,1,103,1151,0.012768353174603175,0.5269999999999999,113.17698412698412,1984.0,0.01920138888888889,0.54,258.4166666666667,10044.0,250,38,0,0,
a244f431e70a9d4c780ac6914b564d98c04ac7ff,5,42,4478.95205479452,100.0,1,42,558,0.013849959021191897,0.6065384615384615,133.02760800842992,2128.0,0.028356164383561647,0.95,182.57534246575344,2128.0,107,39,0,0,
a24729ea6c4aab24a9d6dc73513113e8b8fcf35c,6,42,3964.4461538461537,100.0,1,45,471,0.016662271062271063,0.5761538461538461,55.925432516201745,1889.5238095238096,0.04223076923076923,0.97,137.35384615384615,1984.0,91,39,0,0,
a274dc9836c18bf295e9e81afecbdd72825ea79c,5,29,4162.119047619048,100.0,1,29,303,0.018602274918064394,0.6065384615384615,61.37767495662233,2357.2631578947367,0.02880952380952381,0.94,93.61904761904762,3584.0,59,25,0,0,
a30f91cf4dd6e15b62a675de5087a6db82d61f51,10,64,5000.080508474576,100.0,1,71,1287,0.010514297048925923,1.023103448275862,466.09534963878536,31629.846153846152,0.028516949152542374,1.04,875.6440677966102,53428.0,195,41,0,0,
a3748712b8685edb49cf966b7e662e1647503013,1,2,3170.8,100.0,2,2,239,0.13228296296296296,1.1185,8180.252444444444,13001.777777777777,0.376,1.54,12295.04,22592.0,17,8,0,0,
a3c251eb71ac7769282f383672f19d3cf66f1b04,6,60,4032.5993690851733,100.0,1,60,1667,0.04661198738170347,1.0246666666666664,226.69765159481247,2644.8,0.06788643533123029,1.04,321.41324921135646,2768.0,259,58,0,0,
a40402ff4c87721e74766e6751bb458653b3e686,3,11,6619.958333333333,100.0,2,11,125,0.0012390373864430467,0.02012578616352201,2843.4166666666665,65268.0,0.009583333333333334,0.13,3463.0,65268.0,23,1,0,0,
a4a81c655f21aac65297532528cba5a28e8f5ab1,11,90,4988.132158590309,100.0,1,90,519,0.002317180616740088,0.526,13.110132158590309,1984.0,0.002378854625550661,0.54,34.96035242290749,1984.0,161,66,0,0,
a50e88cb6830931dd1271dfc49b3497d63bd436b,6,44,5822.080882352941,100.0,1,44,473,0.010044117647058825,0.527,81.69411764705882,1984.0,0.051250000000000004,0.54,233.41176470588235,1984.0,122,14,0,0,
a52c67c0bc1c6ae7da7c6e4d38cc7ac5a869ed39,8,46,4822.4678362573095,100.0,1,47,670,0.011578111946532998,0.6042307692307692,77.50550735813894,1984.0,0.030818713450292395,0.96,163.08771929824562,2024.0,140,31,0,0,
a576ed0ff4b19b2c864b2c489227a491ac670b84,3,12,5185.185185185185,100.0,1,12,7,0.0,0.0,0.0,0.0,0.0,0.0,0.0,0.0,18,9,0,0,
a57d3a31b965e00aa208f4d499c0b3637f759838,7,20,5714.285714285715,100.0,1,19,13,0.0,0.0,0.0,0.0,0.0,0.0,0.0,0.0,30,5,0,0,
a57e6a1dc883554789ef6049be9b51530a7aa207,6,113,6365.791469194312,100.0,1,118,313,0.0019763033175355456,0.4170000000000001,96.76018957345973,3548.0,0.0025118483412322275,0.53,107.1090047393365,3548.0,169,42,0,0,
a593667aa30cd094ca66d70dbb5ee98fc64d38f0,5,23,8571.41935483871,100.0,1,24,49,0.0,0.0,0.0,0.0,0.0,0.0,0.0,0.0,30,1,0,0,
a5aef107fcfe6b7323ead96aed8ef74a69efe042,11,95,5563.8279569892475,100.0,1,95,909,0.015881503800858638,0.5688461538461539,126.86672968608454,5757.4,0.0207168458781362,0.94,168.0573476702509,5764.0,231,48,0,0,
a5b034cb2c29d312a2e5475da6174e196cfc3c1b,11,105,4470.19603960396,100.0,1,105,1709,0.015895505264812197,0.525,187.09230808795166,10044.0,0.047544554455445545,0.55,357.7029702970297,10044.0,390,115,0,0,
a5f22a73b7cb93619da1f3cbc56febec52b1c16e,5,109,7416.580419580419,100.0,1,109,233,8.606777837547069e-05,0.012307692307692308,1.0672404518558365,152.6153846153846,0.0009090909090909091,0.13,13.874125874125873,1984.0,129,14,0,0,
a5fbdd306fbe3003283cf2cb7ae4c371c9693290,10,64,6619.684523809524,100.0,1,65,370,0.0006567460317460317,0.05500000000000001,39.217460317460315,6026.4,0.006488095238095239,0.55,95.21428571428571,10044.0,147,21,0,0,
a60f543d315ec120d2f433cdccc19342c9c3be02,6,116,7454.116822429906,100.0,1,121,293,0.0033344459279038715,0.475,132.82242990654206,10044.0,0.007943925233644861,0.54,170.8785046728972,10044.0,198,16,0,0,
a62742a35ef9194f7da07e547fe13f99bb6257bd,2,6,5423.0,100.0,1,6,86,0.21230303030303033,0.8164285714285714,579.8354978354978,2297.4285714285716,0.29363636363636364,1.16,726.1818181818181,2924.0,10,1,0,0,
a632e2659eb116c7514dd825ffaa8939365c71e2,8,20,2868.8524590163934,100.0,1,20,24,0.008524590163934427,0.52,162.62295081967213,1984.0,0.008524590163934427,0.52,162.62295081967213,1984.0,45,16,0,0,
a65549b33ec5839c95aa1e9c2e50f74685ad7cc5,3,32,4287.569892473119,100.0,1,31,314,0.04117204301075268,0.5290000000000001,155.73333333333335,1984.0,0.05182795698924732,0.54,192.0,1984.0,70,22,0,1,
a688299300a50fed79edb502fb02fc503a564308,10,76,5546.656050955414,100.0,1,76,321,0.002762208067940552,0.22666666666666666,20.180814514572475,1653.3333333333333,0.016560509554140127,0.53,75.82165605095541,1984.0,120,37,0,0,
a6bd1b3de6ceb8be610c33e3a0e4a89350700984,4,25,4320.5161290322585,100.0,1,25,202,0.014944168734491317,0.9265384615384616,32.0,1984.0,0.01532258064516129,0.95,32.0,1984.0,40,22,0,0,
a6f3201e19df0a0fdf0a3d878d6a8d2e50eefc70,5,64,3880.3793103448274,100.0,1,64,845,0.030940613026819927,0.5320000000000001,159.6951724137931,9672.8,0.06079310344827587,0.55,259.6413793103448,9676.0,193,97,0,0,
a727c00002127704e5ae41a4a08948dc43b4aefc,6,38,5070.727272727273,100.0,1,40,456,0.00019834710743801652,0.024,24.902479338842973,3013.2,0.0006611570247933885,0.08,83.00826446280992,10044.0,101,20,0,0,
a7442b91887824d182c90cd82955b97a1404dc21,9,37,3382.6305732484075,100.0,1,37,670,0.01502950050284948,0.8799999999999999,130.46880896508787,1984.0,0.021146496815286627,1.06,153.98726114649682,2768.0,122,35,0,0,
a74f9942a4bf89bc51a259bdd7f5427f1ccc82f8,12,107,4756.31339031339,100.0,1,108,972,0.004649118460712664,0.7313333333333335,32.88020149469425,1753.2173913043478,0.022136752136752137,1.04,67.93162393162393,2020.0,258,93,0,0,
a75958bf7ddea02d2c0d5a300c83abfe240f3552,17,105,5266.820075757576,100.0,1,105,1742,0.019275838744588745,0.75625,175.79271284271286,10044.0,0.030852272727272725,1.05,238.03787878787878,10044.0,449,79,0,0,
a76e1891c401fc5f73f6942768488b1487533472,10,102,4372.081690140845,100.0,1,102,1275,0.026086082305800617,0.6038461538461538,211.08314558680758,5250.971428571429,0.04025352112676057,1.13,326.0056338028169,10044.0,279,76,0,0,
a7e953186fda9e7bf8368e2d00a19d024f7db5c8,7,44,5525.921875,89.84375,1,53,550,0.027291348766722408,0.71325,144.94326736442906,2483.6,0.051015625,1.04,265.59375,3552.0,109,19,0,0,
a819175c8808635fda7c3854536f82d90a7b31cf,6,43,6421.574712643678,100.0,1,44,196,0.008135278514588859,0.6057692307692307,19.47161803713528,1297.2307692307693,0.022528735632183907,0.94,68.41379310344827,1984.0,71,16,0,0,
a832f98e370c27f9fbc8e0caec05700a96e89a4e,7,50,5568.05,100.0,1,50,218,0.0,0.0,0.0,0.0,0.0,0.0,0.0,0.0,64,16,0,0,
a90b8415afe8507a36e7be7511fd36f1045418b7,2,16,2615.3846153846152,100.0,1,20,189,0.0,0.0,0.0,0.0,0.0,0.0,0.0,0.0,33,32,0,0,
a94238b07de77bffd5189487ac3d56b96db7e09a,6,103,6589.9384615384615,100.0,1,106,686,0.03669863119336804,0.8042857142857142,113.94414715289209,2936.6153846153848,0.06338461538461539,1.04,187.93846153846152,4772.0,174,21,0,0,
a9947ca4f64f3122a22c7827ae089d48db8fd76d,6,49,4116.794642857143,100.0,1,52,792,0.01982982568027211,0.6034615384615385,86.72118001046572,6614.7692307692305,0.04839285714285714,0.94,259.51785714285717,10044.0,146,78,0,0,
a99c3a5ba8f7e25ea61f79dd74cb89d6d8bf8a43,7,72,4955.182108626198,100.0,1,72,1163,0.008069117251225878,0.5270000000000001,127.32779552715654,10044.0,0.029584664536741214,0.54,204.0255591054313,10044.0,268,45,0,0,
a99ed97ee0e4d81fc9a8a5a5baaba5407a897b84,5,43,5570.203883495145,100.0,1,43,174,0.0005533980582524272,0.028999999999999998,3.8524271844660194,198.4,0.005533980582524273,0.29,38.52427184466019,1984.0,74,29,0,0,
a9ccae25b9a8738fd3ce42dfb0fc5e92ca9b8d7f,9,49,6517.185840707964,100.0,1,51,254,0.01995575221238938,0.5270000000000001,214.09911504424778,5022.0,0.033097345132743365,0.55,305.94690265486724,10044.0,103,10,0,0,
a9da415ddd0567c5995957b2239621158a4521f1,11,109,6483.784565916399,100.0,1,109,679,0.015857398149149125,0.6065384615384615,111.89979188257126,2522.315789473684,0.04138263665594855,1.03,219.4983922829582,3428.0,268,43,0,0,
aa01429991aa756b651364d54b7b28c2bfeb6c3c,5,11,555.5555555555555,100.0,1,10,44,0.16625,0.54,964.4444444444445,1984.0,0.16625,0.54,964.4444444444445,1984.0,60,12,0,0,
aa1696aba3e93761b292c97c68bb0e06bb2f537d,7,88,5003.03861003861,100.0,1,88,880,0.025507144507144506,0.6057692307692307,113.00394854079065,2132.0,0.0349034749034749,0.96,139.02702702702703,2132.0,209,50,0,0,
aa2166a08738eb1a62d78686cce70fc5572d0607,7,19,4166.666666666667,100.0,1,19,25,0.011041666666666667,0.53,41.333333333333336,1984.0,0.011041666666666667,0.53,41.333333333333336,1984.0,45,3,0,0,
aa2288779d4ddfe46b3dcab170577d4f5096ab15,1,12,10000.0,100.0,1,12,0,0.0,0.0,0.0,0.0,0.0,0.0,0.0,0.0,13,0,0,0,
aa2ad4e1f1035826e6351e1e801eb57c0b494267,7,107,5523.218954248366,100.0,1,120,944,0.027891317266897763,0.6030769230769231,229.07691249239235,1984.0,0.05473856209150327,0.94,439.45098039215685,5768.0,246,60,0,0,
aa8508f6aa7e91da7efc770fc0e04c471463ffeb,4,47,4723.395973154363,100.0,1,50,301,0.0006845637583892618,0.051000000000000004,2.6630872483221477,198.4,0.006845637583892617,0.51,26.630872483221477,1984.0,99,50,0,0,
aa8e2b08e043c6d844c28cb004a224615af29e90,10,63,3774.8755760368663,100.0,1,63,766,0.011620464021385682,0.5265714285714286,1443.5968958844537,290291.54285714286,0.03949308755760369,1.04,1563.9078341013824,290372.0,158,59,0,0,
aa953585f60c1f5711c6d5159abbcaafcc89eb77,5,17,4981.3,100.0,1,17,1590,0.0801728205128205,0.6419166666666667,296.74767765567765,1391.3142857142857,0.165,1.05,679.84,2568.0,47,3,0,0,
aafa3b985fc5f4f1f6dbe50b8edc01713225dd2d,6,106,5782.680272108843,100.0,1,120,754,0.010450055235769522,0.524,85.1669980812838,1984.0,0.02074829931972789,0.65,128.21768707482994,1984.0,247,47,0,0,
ab2a1e43f425b67817553405c41c09a9bcb0e9c4,11,104,5304.789272030652,100.0,1,104,704,0.0030192412951033647,0.6023076923076924,12.6742284535388,1415.5428571428572,0.009808429118773946,0.94,40.53639846743295,2644.0,203,58,0,0,
ab4899d3252b533827ab7d15261b9edb38cf0a7a,10,67,4759.44375,100.0,1,67,1363,0.09910000000000001,0.7703333333333334,418.51437500000003,2114.6,0.1703125,1.14,593.8,3424.0,142,18,0,0,
ab4e0b5338de7292c155831c4bd68a740ae6d05f,1,4,8846.0,100.0,1,4,15,0.003076923076923077,0.015384615384615385,298.24615384615385,1491.2307692307693,0.004,0.02,2584.8,12924.0,5,0,0,0,
ab7c842d24cac25a1a3852cce506ca92cb8ed428,10,65,4089.171974522293,100.0,1,64,398,0.0,0.0,0.0,0.0,0.0,0.0,0.0,0.0,104,53,0,0,
aba3f0810ff4abb82c285780965735f59dffc070,12,71,7142.91011235955,100.0,1,82,626,0.014679716383319639,0.4220689655172413,312.8495801241249,11752.0,0.05,1.04,464.2247191011236,11780.0,159,19,0,0,
abae080e558fbbcf25131d47ef3dbea697548f14,11,104,4541.302197802198,100.0,1,104,1234,0.005715246484766439,0.6023076923076923,109.24334843872148,2336.6315789473683,0.014258241758241757,0.94,193.6813186813187,10044.0,279,85,0,0,
abf736b0441172883ba772951733e73d557598ab,4,50,5743.442424242424,100.0,1,50,520,0.0006666666666666668,0.054000000000000006,136.17454545454544,10044.0,0.006666666666666667,0.54,157.8181818181818,10044.0,138,27,0,0,
ac018ab3a6242492006b3ca1e0c508abd1761538,9,66,4812.0,100.0,1,74,1584,0.02058694188834674,0.6061538461538462,176.15844822128346,10044.0,0.033168724279835395,1.04,276.6090534979424,10044.0,199,44,0,0,
ac164aef8492a4d178d0704b602f0522512dd913,5,110,6231.090909090909,100.0,1,110,665,0.007544871794871796,0.522,87.67871017871018,2188.0,0.023257575757575758,0.54,181.13636363636363,2188.0,233,31,0,0,
ac6104bfab84b79b7ff1f01c576e2b7442988f38,9,48,5253.961538461538,93.36538461538461,2,48,623,0.02678272949910881,0.631,627.7175656463587,16646.333333333332,0.05692307692307692,1.05,1129.7692307692307,50332.0,88,14,2,0,
ac6522ed2e2b8a808bb80970ccffcb6572183349,7,87,4547.9,100.0,1,87,1401,0.024660178050585523,0.6030769230769232,109.9953874761345,2242.315789473684,0.051806451612903225,0.94,205.1741935483871,3424.0,270,40,0,0,
ac7569c6eb788ec3ca408850d164b68f73bb148b,5,68,5430.654255319149,100.0,1,68,489,0.023292553191489363,0.53,97.15957446808511,1984.0,0.02574468085106383,0.54,158.9787234042553,10044.0,145,43,0,0,
accf49bc7124b7fdffea9e75a869a597c4e8adce,5,51,2628.0751445086707,100.0,1,51,757,0.013025048169556838,0.41433333333333333,56.12292870905588,1653.3333333333333,0.018670520231213874,0.54,91.5606936416185,2092.0,103,70,0,0,
ad03c4fb44da8b106e362ef8c65fe2bf34a385d1,6,101,6969.563876651982,100.0,1,104,548,0.009438628314762028,0.44133333333333336,47.119300808028456,2647.764705882353,0.02145374449339207,0.57,152.3876651982379,10044.0,195,32,0,0,
ad3d8c094d5606a8005bb22a4cf910e497a03224,9,77,5536.456375838926,100.0,1,77,354,0.003538404175988069,0.5272222222222223,15.190795781399808,1980.0,0.0036241610738255037,0.54,26.604026845637584,1984.0,110,39,0,0,
ad57f4feb3cdcdfbb77d4ccd074d9ca50227661d,5,105,5414.955223880597,100.0,1,105,1291,0.02541886720244929,0.5280000000000001,188.64030616150018,7727.2,0.061343283582089556,0.55,334.6626865671642,7996.0,299,36,0,0,
ad77e6368d86e38cbf14a33770ca16b204522863,12,108,4961.39420935412,100.0,1,108,1116,0.01276179870611942,0.524,143.22122925330052,9039.6,0.05630289532293987,0.56,424.7305122494432,10044.0,337,112,0,0,
adc3882c435a390c34d34279b5528215928944df,16,92,6541.193965517241,100.0,1,93,587,0.012467980295566504,0.8078571428571429,69.078078817734,1984.0,0.03413793103448276,1.05,188.67241379310346,10044.0,208,24,0,0,
adcfbf9c58d92335f9b971f6a9afd19d9feab214,10,98,7252.213903743315,100.0,1,98,237,0.0006325439266615738,0.053000000000000005,32.49806236544204,1515.4285714285713,0.006042780748663102,0.53,139.63636363636363,7720.0,160,27,0,0,
add17ba1901ea9804a604aeed6ebe191d784785d,5,56,3145.525291828794,100.0,1,56,938,0.020159145077433015,0.6307407407407408,189.17072067577905,10044.0,0.0319455252918288,1.07,212.5136186770428,10044.0,174,83,0,0,
add21f371c1ade0e82ccdacf7ce016dc151a6968,6,105,5636.248995983936,100.0,1,104,710,0.006941097724230255,0.525,88.90298973672469,2128.0,0.015261044176706828,0.57,154.2008032128514,10044.0,208,41,0,0,
add7a23a1b66010154da076a059216a13b90191a,1,3,6990.294117647059,100.0,1,3,69,0.021329831932773113,0.28857142857142865,1112.6697478991596,2382.8571428571427,0.11058823529411765,1.04,4945.64705882353,10044.0,16,1,0,0,
addfbcc77f77c6c80cc3e55261cec181722e68cb,8,20,5183.673469387755,100.0,1,20,66,0.0,0.0,0.0,0.0,0.0,0.0,0.0,0.0,45,4,0,0,
adf4cd4036fe7649e15bbc8379f224685017b379,4,37,3695.9319727891157,100.0,1,37,414,0.0,0.0,22.18157081014224,1464.4,0.0,0.0,83.18367346938776,2092.0,97,50,0,0,
ae75c8309bea2f4a1b1624ce50d0994d5b4dc451,9,72,6751.44262295082,96.72131147540983,1,74,1163,0.07601227910270077,0.9901538461538464,720.6132810376488,80268.0,0.17360655737704916,1.21,1130.8415300546449,80268.0,169,14,0,0,
ae7e6756887c7c2d0e3d26bb83045d298dcb5ddd,15,97,5445.327800829876,100.0,1,97,766,0.012094250148192057,0.528,65.15328986366332,1984.0,0.02,0.54,90.55601659751038,1984.0,207,34,0,0,
ae84ba8c1585fe80b8d2cc991a9cc4af2921a2a2,10,76,6708.715736040609,98.62944162436548,1,78,1364,0.016546218154847598,0.5283076923076924,1200.4189286855276,51639.6,0.05446700507614213,1.04,2628.3654822335025,60464.0,173,24,0,0,
aeae992591ef4a9423528eb6029301cbd29daff5,1,3,1412.5263157894738,100.0,1,3,84,0.11875346260387813,0.38315789473684214,1590.6149584487532,2767.3684210526317,0.1705263157894737,0.54,2083.5789473684213,5140.0,14,5,0,0,
aef76b2d6bbd67cf3aac958965862b263c50d4e6,11,84,5551.868544600939,100.0,1,84,571,0.0016770623742454727,0.23650000000000002,13.491079812206573,1584.0,0.007887323943661973,0.54,65.97183098591549,8100.0,169,44,0,0,
af124b723c6d0d777c60479978e8da661b34bc2a,10,67,5951.949152542373,100.0,1,73,1049,0.013908109095079434,0.6038461538461538,129.465050004139,1984.0,0.04504237288135594,0.94,278.76271186440675,2644.0,204,32,0,0,
af12f06588c971f6425a28d61e4511bafff05bb7,14,65,5920.173333333333,100.0,1,66,496,0.032121289198606275,1.025,484.61437940379403,10044.0,0.0468,1.04,651.5466666666666,10044.0,128,22,0,0,
af618fc07f8f8c9e1697d7e8ce5cea9dd4ddee00,8,98,6468.071129707113,100.0,1,100,625,0.017593577603487315,0.601923076923077,139.2187601285157,2336.6315789473683,0.06121338912133892,0.94,327.26359832635984,3548.0,216,23,0,0,
af744dfd0234f2b89d667f962f13cff1b5d0c9e0,11,99,6257.528205128205,100.0,1,99,512,0.002020512820512821,0.20800000000000002,124.07794871794871,10044.0,0.010974358974358975,0.53,174.9128205128205,10044.0,175,20,0,0,
af8cb88c604c245257dfd33607bcb87cd357d3c9,4,45,3084.234146341463,100.0,1,45,669,0.008482926829268293,0.486,84.52162601626017,1984.0,0.02951219512195122,0.54,164.5268292682927,1984.0,121,84,0,0,
af99c21153a5cd9289febb0cc7d1f8cbee810621,4,28,4436.363636363636,100.0,1,28,86,0.002521212121212121,0.06933333333333333,9.619393939393941,264.53333333333336,0.01890909090909091,0.52,72.14545454545454,1984.0,33,22,0,0,
afc376cc4bc5460a941a5d21f91d19f159cdf490,7,74,4980.578034682081,100.0,2,74,449,0.0,0.0,0.0,0.0,0.0,0.0,0.0,0.0,127,46,0,0,
b002ea316ac314e47c6aceffd6583bd300962387,1,5,3067.1666666666665,100.0,1,5,238,0.2935850168350168,0.44,1075.96632996633,1653.3333333333333,0.49,1.04,1686.0,2376.0,12,0,0,0,
b03084cbf44b7fc100db518a5ff7ef7e9924c260,6,101,6697.757142857143,94.28571428571429,1,101,693,0.04731306471306471,0.5734615384615385,166.37398220826793,2128.0,0.07957142857142857,1.0,255.82857142857142,2128.0,188,22,0,0,
b041f9ef5ab6da232256530cf8e22c31ac99971d,15,115,5594.705035971223,100.0,1,117,2420,0.0568164075302253,0.8042857142857143,267.14538930544063,3723.8,0.13014388489208634,1.12,541.0167865707434,6680.0,355,62,0,0,
b0718e2faa64ff947c0ba9e9516616b44c8f4a5d,13,60,4170.247524752475,100.0,1,61,575,0.006476072607260726,0.29333333333333333,46.349457802923155,1984.0,0.018514851485148517,0.55,78.57425742574257,1984.0,139,63,0,0,
b0f303b4bc78b12a467c465db3b050425eadbf64,14,84,4293.180685358256,100.0,1,85,981,0.0068355522602160405,0.6069230769230769,53.997195510211235,2184.0,0.024672897196261683,0.94,170.33021806853583,10044.0,227,94,0,0,
b1179b71e93f6ccfe9702cc342e53c5c04d2cf60,10,97,5852.054644808743,100.0,1,97,457,0.0005628415300546448,0.052000000000000005,3.252459016393443,198.4,0.005628415300546448,0.52,32.52459016393443,1984.0,150,33,0,0,
b11bdeda44addd99b9b0cdc016fcd27262b51fdb,5,20,5219.111111111111,100.0,1,20,449,0.08685739157961381,0.6011538461538461,317.6407723963279,1984.0,0.14277777777777778,0.94,452.0,2184.0,51,3,0,0,
b11c7371190aaf26293afea3ba2146f21205f73f,6,61,4309.578378378378,100.0,1,61,522,0.0022648648648648643,0.31399999999999995,19.303783783783782,1984.0,0.005837837837837838,0.54,32.17297297297297,1984.0,129,56,0,0,
b152244728671db447c59ab0796fac9a423e1356,5,59,5363.875,100.0,1,59,432,0.017680555555555554,0.5269999999999999,242.2703703703704,9672.8,0.022708333333333337,0.55,258.3888888888889,9676.0,114,30,0,0,
b1e8855867b91eadecefd05a09f101799008b8c7,6,98,6912.808641975309,100.0,1,101,260,0.0,0.0,12.246913580246913,595.2,0.0,0.0,48.98765432098765,1984.0,137,25,0,0,
b25340984452108c2928e20f412866a7dbf4646c,11,108,6045.4715025906735,100.0,1,108,1057,0.01699373298224391,0.7444999999999999,254.26640219433642,31949.69230769231,0.07375647668393782,1.04,590.0621761658031,53164.0,317,69,0,0,
b27862a2f9590331f29ffdc8f3648dec2a7a7d30,3,35,4984.843537414966,100.0,1,35,284,0.004000000000000001,0.05500000000000001,164.99591836734695,10044.0,0.03952380952380953,0.55,298.61224489795916,10044.0,101,46,0,0,
b2a46e3625d075ff330baf8e18019e1af424bc62,4,37,3618.863309352518,100.0,1,36,586,0.014104277017946082,0.6046153846153847,52.56839275832081,1297.2307692307693,0.02776978417266187,0.94,157.0071942446043,1984.0,98,41,0,0,
b2b334fbcfc12bdf6bba8dc45aa8ade3ddb746aa,6,17,4189.189189189189,100.0,1,17,18,0.0,0.0,0.0,0.0,0.0,0.0,0.0,0.0,32,5,0,0,
b2c520e7e4ea03898e0b8204fea068149d5535c8,17,110,6203.9055944055945,100.0,1,110,805,0.00741086570807933,0.49294117647058827,107.09554768483085,1984.235294117647,0.03493006993006993,1.04,192.7972027972028,2644.0,251,35,0,0,
b392a38d92631885c3b63500548976ac63518da7,4,42,2815.346570397112,100.0,1,42,972,0.00548375451263538,0.526,41.542238267148015,1984.0,0.0207942238267148,0.54,100.27436823104694,1984.0,174,103,0,0,
b3946c98c388b721854634038fbd1820a7ff046d,14,49,3262.267942583732,100.0,1,51,712,0.028787323479844255,0.925,161.46333610987352,9365.384615384615,0.04478468899521531,1.04,385.0717703349282,51684.0,121,88,0,0,
b3f68ef83acd623f98f4a03fc633905fb2a5b027,6,118,4712.819248826291,100.0,1,121,1067,0.006722483046426709,0.5305555555555556,109.91173708920188,2188.0,0.018028169014084508,0.54,162.25352112676057,2296.0,325,101,0,0,
b459886eb6e03f683c364b338a5c2f4776391dbc,7,104,7462.271356783919,92.96482412060301,1,104,465,0.010910664433277496,0.4396666666666666,41.541038525963145,1653.3333333333333,0.013668341708542715,0.55,49.84924623115578,1984.0,183,16,0,0,
b45e8d507778dab56f381a681c453cbf4d3b4050,10,53,4841.418439716312,100.0,2,54,245,0.006204322863897333,0.8536666666666668,69.5240797028031,1984.0,0.007659574468085107,1.04,107.8581560283688,2644.0,94,45,2,0,
b4742d304d9cd4891aac3cedf5905676e9fcc9d5,12,103,5036.33152173913,100.0,1,104,1335,0.019163625776397516,0.72725,283.91875,10044.0,0.03714673913043478,1.08,385.8695652173913,10044.0,283,85,0,0,
b51687ca4edcbe2376bc3204617227bceb0a52c0,3,17,6928.5,100.0,1,17,318,0.0017309119496855345,0.024999999999999998,770.0166666666667,8244.0,0.01575,0.2,1107.3,8244.0,38,2,0,0,
b51b95c923fbe5e4f47342faa554cacb44477016,3,13,4580.580645161291,100.0,1,13,251,0.0,0.0,0.0,0.0,0.0,0.0,0.0,0.0,26,5,0,0,
b52028ddeb0e0289019154f32e763393f83a30a9,7,43,5130.906976744186,100.0,1,43,948,0.05651957151375756,0.5719230769230769,421.76908595280685,6820.0,0.11843023255813954,0.95,752.8837209302326,10044.0,157,15,0,0,
b56069b7f468c9cb3ff1ed8830af52d4e2fe60c0,1,3,2262.7,100.0,1,3,57,0.11042105263157895,0.3647368421052632,1180.5684210526317,2241.684210526316,0.184,0.54,1679.2,3424.0,8,2,0,0,
b6535907c852434b9243df7a0e65f04d688d049f,6,103,4823.282868525896,100.0,1,106,2336,0.06412406937305948,0.6015384615384616,289.3169337196011,2765.0526315789475,0.11077689243027888,1.02,451.57768924302786,3428.0,429,73,0,0,
b68533a39390311fdd9ca8baced33145784eb561,12,45,4837.254335260116,100.0,2,47,1228,0.048775123105947976,0.757142857142857,1228.2703182864393,19393.14285714286,0.09248554913294797,1.04,1921.8034682080925,28680.0,145,28,0,0,
b6cb94c201726bd4e4dcadc007dba2c69933e0c1,8,56,6302.590909090909,100.0,1,60,450,0.017067989619076577,0.6057692307692307,114.42624463256043,1666.8,0.038363636363636364,1.04,360.8363636363636,3704.0,94,16,0,0,
b6de7562a3dfc6522d1d9f86967f5159e3f2f090,8,58,6302.581632653061,100.0,1,59,417,0.009367346938775513,0.527,120.16793002915452,8035.2,0.06954081632653061,0.54,395.40816326530614,10044.0,163,33,0,0,
b6e252e4989b3b422d69eae06831ad0bfd396126,10,70,5489.8387096774195,100.0,1,70,326,0.021385663082437275,0.524,228.05333333333334,1984.0,0.037806451612903226,0.54,358.4,1984.0,127,28,0,0,
b7047722486e995e27292b5ab1945d72ab5a3708,11,82,5874.658767772512,100.0,1,82,486,0.018157856361647833,0.6046153846153847,59.21725667697231,1420.6153846153845,0.03663507109004739,0.94,134.36966824644549,2176.0,164,47,0,0,
b722e6209f2858faf0bf80947cadcbde586bb666,3,26,4178.058823529412,100.0,1,25,529,0.0026764705882352945,0.053000000000000005,67.10588235294118,1984.0,0.02676470588235294,0.53,160.47058823529412,1984.0,113,23,0,0,
b7289b3b24fd67017ed82f62a889b4c9a0fb5ba4,3,5,5384.615384615385,100.0,1,5,1,0.0,0.0,0.0,0.0,0.0,0.0,0.0,0.0,8,5,0,0,
b7297bd49e99532695b6290f29fac82928f9e03d,4,64,5995.478723404255,100.0,1,64,533,0.038436170212765956,0.47800000000000004,351.42674772036474,9039.6,0.04904255319148936,0.55,691.8936170212766,10044.0,169,19,0,0,
b7298b0fe50443a623af9b56792b330c2d052845,5,110,5998.854251012146,100.0,1,110,591,0.01010287553202533,0.524,326.2200352953389,10044.0,0.019554655870445345,0.54,342.2024291497976,10044.0,211,36,0,0,
b729f209cdcbb802e5f6f16fd902793131660968,7,16,5996.178571428572,100.0,1,16,8,0.0023496240601503762,0.022631578947368423,170.60150375939853,1592.842105263158,0.038214285714285715,0.37,216.42857142857142,2020.0,23,5,0,0,
b72f0fecebc0120609eb4643631055b2e7a31fd7,6,113,6707.308823529412,100.0,1,118,363,0.007695728291316527,0.4875,53.689075630252105,1984.0,0.020784313725490198,0.54,117.23529411764706,2092.0,173,31,0,0,
b75c5320a2ce606e7c46d1f82723e1e461f37a68,12,93,7106.852348993289,100.0,1,93,65,0.0,0.0,0.0,0.0,0.0,0.0,0.0,0.0,112,37,0,0,
b7931b60e23916058a5767895b9214dac7a6515e,12,74,7169.412121212121,100.0,1,86,502,0.02000540834218995,0.5703846153846154,152.76354538607413,1587.2,0.09696969696969697,1.04,388.55757575757576,2296.0,157,8,0,0,
b7ea6b3de19afe8e98d52228dfcc3f3027f18891,14,101,6551.399159663865,100.0,1,101,433,0.00619203835380306,0.6015384615384616,91.6122478141054,2008.8,0.024117647058823532,0.94,234.47058823529412,10044.0,201,37,0,0,
b80a4c674f6640d304722f4a92eb9b47345f1258,2,29,3767.4278350515465,100.0,1,29,577,0.028278350515463922,0.528,202.20147275405006,1984.0,0.09345360824742269,0.55,436.5979381443299,5340.0,129,65,0,0,
b8b78832d415b2137aaa400ec638ca3828510a71,6,101,5059.785488958991,97.47634069400631,1,104,1286,0.026583630271991555,0.566923076923077,159.492173449072,2188.0,0.03564668769716089,0.94,203.3690851735016,2768.0,265,52,0,0,
b8e898c506ad360ead5d4fafe6651fadfed6645a,6,48,6115.18085106383,100.0,1,48,291,0.032153677291975165,0.6034615384615385,168.3960720130933,2188.0,0.06691489361702127,1.04,297.5744680851064,2644.0,78,16,0,0,
b9cfcb9ade5f88679b72a7977c50eaca7170206b,5,55,5281.342465753424,100.0,1,55,341,0.014552511415525115,0.523,180.23561643835617,10044.0,0.018972602739726032,0.54,192.46575342465752,10044.0,110,36,0,0,
b9db6bc5ded963759b9a1db58adbaad3314169d6,6,101,5868.322727272727,100.0,1,103,577,0.028826696110906637,0.5711538461538461,146.087659007659,2242.315789473684,0.05086363636363637,0.96,222.23636363636365,3428.0,167,53,0,0,
ba0b274a12a5891f98da7f012d4c757aeb822917,8,87,3997.3349753694583,100.0,1,89,1700,0.024998764555382396,0.5742307692307692,140.2308642010483,5544.0,0.04162561576354679,0.96,202.9655172413793,6512.0,305,101,0,0,
ba12c0a2cb367af0467e479c03507c71a805d291,6,112,5228.576802507837,100.0,1,117,850,0.008483550931826794,0.529,163.82638051603567,9671.6,0.017210031347962382,0.55,249.95611285266457,10044.0,245,74,0,0,
ba37558e4c84bdb5486d1b3622b0ac7ed3d5222d,10,80,3283.007462686567,95.22388059701493,3,82,4553,0.09981705360034979,1.6515,3499.753546702298,36951.73333333333,0.20572139303482587,2.05,4772.875621890547,73636.0,304,95,3,0,
baa9b5294556d31b066df7e0dd8b1b0b1a8bb9f2,10,93,5436.8792134831465,100.0,1,93,1284,0.00850400255175536,0.8526923076923077,113.65485750204853,10044.0,0.018904494382022474,0.94,197.58426966292134,10044.0,309,47,0,0,
baae1f7bd8567b6f9e220cc863c92124fa71e1fe,19,118,4818.119429590018,100.0,2,118,2490,0.03426698201557179,0.72175,366.2424869600194,11444.8,0.07659536541889483,1.12,645.8752228163993,14716.0,474,87,0,0,
baccf806cbacabe5f3a91ecd093cf36b4db436a6,11,73,4170.188775510204,100.0,1,73,760,0.0006472303206997085,0.03428571428571429,95.23551550490326,1984.0,0.001683673469387755,0.09,147.59183673469389,2768.0,146,50,0,0,
badea8134ecf83e912ac6628ec12465e227c1e6a,5,62,5840.711267605634,100.0,1,62,546,0.025009209100758396,0.5723076923076923,119.79053810039726,1653.3333333333333,0.03683098591549296,0.94,408.67605633802816,10044.0,121,21,0,0,
badf8b0a0c342afb7e1eecc4fb19feb7ed28e180,8,71,6574.7213114754095,100.0,1,71,154,0.009423497267759564,0.3133333333333334,148.14754098360655,1984.0,0.025819672131147543,0.54,196.91803278688525,2092.0,99,23,0,0,
baf05c058d7a427783ab9bde33f38d55ae8ac0cb,9,87,4149.830985915493,100.0,1,87,1094,0.021530877573131095,0.6053846153846154,55.97176907599443,1297.2307692307693,0.04426056338028169,0.95,139.71830985915494,1984.0,211,73,0,0,
bb603e54f5809d802fec4c70df7b2c29a5125a89,6,104,5734.273972602739,100.0,1,107,1222,0.07860353696411736,0.578076923076923,352.1363884553322,3781.714285714286,0.1296917808219178,1.01,530.027397260274,10044.0,241,51,0,0,
bb6bcc05d3ef04c14c73ce93dad8c9ea60f5297b,1,3,3666.3333333333335,100.0,1,3,171,0.1861111111111111,0.4393333333333332,734.8148148148148,1653.3333333333333,0.24000000000000002,0.54,881.7777777777778,1984.0,9,0,0,0,
bb81a7f88631b987cd15c8d539e806ad17a5b664,11,80,5050.848484848485,100.0,1,82,830,0.012473829201101929,0.5272727272727273,66.6995670995671,2184.0,0.03025974025974026,0.57,195.4112554112554,17056.0,189,42,0,0,
bba75421c48ff666a96646bd283072492fc712ea,6,48,4857.364077669903,100.0,1,49,571,0.03778929727230698,0.526,274.70574818924337,10044.0,0.041116504854368935,0.56,369.18446601941747,10044.0,153,53,0,0,
bbaeaab91cec9991b4747c8ca3fba0981bf68ad5,9,44,3533.5204081632655,100.0,1,44,218,0.0,0.0,0.0,0.0,0.0,0.0,0.0,0.0,56,42,0,0,
bbb7c8095658b847103c47aa2a4b55440b0e9ffe,6,112,5912.508021390375,100.0,1,115,1751,0.05739614290452223,0.8520833333333334,518.3927460474723,12252.533333333333,0.1383422459893048,1.09,1159.090909090909,76960.0,337,37,0,0,
bbf7f2c725fe4c3e0eb56d29707437d1603b1c56,7,20,3571.4285714285716,100.0,1,20,44,0.35269841269841273,20.01,157.46031746031747,1984.0,0.35269841269841273,20.01,157.46031746031747,1984.0,61,2,0,0,
bc1f0dc5b937d54fa64e44c1e4e0de0e5a4724c1,4,58,3829.7567567567567,100.0,1,58,995,0.009041827541827543,0.526,637.6,46611.2,0.009806949806949808,0.56,774.2393822393823,48148.0,199,60,0,0,
bc54069a859b02cf1b00e7ab77d68132f9021c8e,4,63,6452.625,100.0,1,63,308,0.003838235294117647,0.522,14.588235294117647,1984.0,0.003897058823529412,0.53,14.588235294117647,1984.0,116,20,0,0,
bc8caaa2729aa0c9179e8d66388586a4a8586f20,11,117,7046.131944444444,100.0,1,141,619,0.01994232041107041,0.53,146.58858109483108,6742.0,0.030173611111111116,0.55,250.80555555555554,6744.0,250,38,0,0,
bca16481f37f3534abb04344ef1855b0e56140e3,12,89,5261.185185185185,100.0,1,90,1108,0.041077227308501774,0.532,223.17262896526674,2417.75,0.062386831275720166,1.05,259.30864197530866,2420.0,214,29,0,0,
bd18fefd95851483c8aab15987fec421f92523fb,4,58,5989.178571428572,100.0,1,58,357,0.02249047619047619,0.46900000000000003,244.31047619047618,10044.0,0.038500000000000006,0.54,300.74285714285713,10044.0,119,21,0,0,
bd53f29596985f567c39329a8f8da5100810f0fd,3,28,2464.1505376344085,100.0,1,28,262,0.0,0.0,0.0,0.0,0.0,0.0,0.0,0.0,49,44,0,0,
bd81b591d06c4a726078a831c11516d6ee27541d,11,69,5125.526315789473,100.0,1,69,829,0.038593407438975304,0.6053846153846154,186.2056172820716,2522.1052631578946,0.0912719298245614,0.97,352.0,3428.0,182,46,0,0,
bd9bd34617afb5bf1f3ff27e575c4df427ac32dc,4,64,4876.936440677966,100.0,1,64,787,0.0035762711864406782,0.5250000000000001,89.63728813559322,10044.0,0.015677966101694914,0.54,135.03389830508473,10044.0,192,44,0,0,
bda97a680a69285ab84aefb75abb53676e7f6b55,4,12,5158.7037037037035,100.0,1,12,128,0.0438095238095238,1.0228571428571427,348.13968253968255,2322.6285714285714,0.052222222222222225,1.04,587.5555555555555,2644.0,20,7,0,0,
bdc3fba009b4d570355de5bfedfb6766746789ce,5,59,6265.547826086957,100.0,1,59,221,0.008632298136645962,0.5239999999999999,245.43503105590062,2837.6,0.010347826086956523,0.54,319.09565217391304,8052.0,102,13,0,0,
bdcfd5ee015db872058dc442ab9d3c72518366ff,6,101,3723.3940149625937,100.0,1,104,1297,0.015113124745491197,0.6015384615384616,68.46942216465776,2522.1052631578946,0.032768079800498756,0.95,130.88279301745635,3428.0,256,145,0,0,
bdefe60060197430834e27ee0ecc1d775f5e2b89,11,102,5757.77245508982,100.0,1,102,1075,0.010079955473668047,0.5726923076923076,126.89613300870786,1889.4857142857143,0.022005988023952098,0.95,343.8922155688623,10044.0,282,52,0,0,
be40efffa2a2ea77d3d2fb0cf1f8dd6a8da2b287,5,48,5093.381294964029,100.0,1,48,362,0.0,0.0,0.0,0.0,0.0,0.0,0.0,0.0,104,35,0,0,
be6f4f4f657c80883591c6749a7951f9c992e4b9,5,70,5894.305,100.0,1,70,640,0.007151666666666665,1.0219999999999998,37.0992380952381,1984.0,0.0079,1.04,100.9,2092.0,178,22,0,0,
be7b5a55c3a0343bda6a2a6ad09c5cfe8714b27f,11,85,5222.371527777777,100.0,1,86,745,0.012287285052910053,0.5316666666666666,230.9696393762183,10244.0,0.016041666666666666,0.55,396.5416666666667,10244.0,233,55,0,0,
bec0491f541a76e4fa31e17842bc573c812cb528,10,55,4294.59375,100.0,1,55,571,0.0,0.0,0.0,0.0,0.0,0.0,0.0,0.0,124,36,0,0,
bf22fb15bf51bc4bcf3d50f7494caad62a596d0e,7,104,4700.265168539326,100.0,1,124,1172,0.00367972177635099,0.523,122.77778491171749,10044.0,0.009258426966292135,0.54,238.44494382022472,10044.0,329,116,0,0,
bf9e4a55173e6e65b88bbf4f18744ea043b07ed6,1,13,7806.521739130435,100.0,1,13,97,0.002054865424430642,0.021428571428571432,202.95031055900623,2502.8571428571427,0.011304347826086957,0.17,587.4782608695652,5892.0,22,1,0,0,
bfb055d2c2ba396d5e6bd6022719b3ade1cd1407,6,38,5945.786516853933,88.76404494382022,1,49,344,0.0313338683788122,0.7295,278.0280898876405,10044.0,0.04943820224719102,1.12,352.85393258426967,10044.0,78,11,0,0,
bfe7f84ef78bc0134134fcb799465996fa84e4b0,5,71,6073.05421686747,100.0,1,71,468,0.014728143342601172,0.52,55.62187210379982,1984.0,0.0227710843373494,0.54,83.66265060240964,1984.0,138,28,0,0,
c001ef5d0a98bae288e504e13db2f1d4533021f5,9,40,3195.0054495912805,98.95095367847412,2,41,6069,0.1484424550524445,1.528,9761.21538333381,36778.933333333334,0.41002724795640333,2.01,15833.634877384196,95848.0,288,55,24,0,
c047e3345530b4b4634715536ac54cec9c756b66,14,134,6022.29650092081,96.68508287292818,1,210,1296,0.0059624997470301335,0.5266666666666667,222.9033870978622,10044.0,0.01267034990791897,0.75,293.91528545119706,10044.0,484,59,0,0,
c072621681c71501470509aeb1c51e3f9f98df5e,1,5,0.0,100.0,1,5,150,0.0,0.0,0.0,0.0,0.0,0.0,0.0,0.0,5,0,0,0,
c084f1399d2813131b70acb3920068a454cea6d5,5,42,4660.571428571428,100.0,1,42,363,0.0,0.0,2.9834586466165414,198.4,0.0,0.0,29.834586466165412,1984.0,100,33,0,0,
c096fc1d9c0ad8efae9cfd509f75522c50603692,10,54,4707.534759358289,96.79144385026738,1,69,614,0.003207601222307105,0.532,53.59873068108362,1984.0,0.0037433155080213907,0.54,74.84491978609626,2092.0,147,40,0,0,
c0986547994c0c40ee739f045a02e1ce427ec132,5,40,5133.364285714286,100.0,1,40,582,0.0,0.0,0.0,0.0,0.0,0.0,0.0,0.0,125,15,0,0,
c0b8f55536e05f6da91c3b65ddfb69dc8daa12e9,11,109,6672.915662650603,100.0,1,109,637,0.007213336863939273,0.5700000000000001,87.29582064521824,2128.0,0.014136546184738955,1.0,158.52208835341366,2644.0,217,32,0,0,
c0c13857d74703fa66da743d1d670bc2b9957f7b,10,100,5174.406818181818,100.0,1,100,1496,0.010031060606060606,0.5311111111111111,133.98777777777778,2188.0,0.026704545454545453,0.55,199.15454545454546,10044.0,379,61,0,0,
c0d3079f5b83f8962c439707b96c7ee43be2ca18,5,111,4832.134831460674,100.0,1,111,571,0.00020051858254105444,0.013846153846153845,11.962629131168457,1984.0,0.002209737827715356,0.16,44.58426966292135,1984.0,184,83,0,0,
c1287b2f156f6963bdda82942a95288967e9422b,4,49,1881.3886010362694,100.0,1,49,689,0.002689119170984456,0.518,70.6839378238342,9674.0,0.0027979274611398966,0.53,70.69430051813471,9676.0,102,91,0,0,
c13d9b5245d8fc600da9390192908048857599ea,11,109,5007.67617107943,100.0,1,109,1554,0.008658516297009169,0.6019230769230769,53.115715241988156,5022.0,0.019877800407331975,0.94,123.82892057026477,10044.0,380,111,0,0,
c15e04639eb35379bc74fd289f38b1c9d21e2278,6,59,5905.897196261682,100.0,1,59,193,0.03415290022323962,0.5742307692307693,622.4018464565439,10044.0,0.07897196261682242,0.98,826.9158878504672,10044.0,83,24,0,0,
c162ce77f4002856b569f63b1e2b58ccd6d961e2,11,110,5416.441176470588,100.0,1,111,1043,0.007291241111829347,0.5269999999999999,111.24307692307691,10044.0,0.010794117647058824,1.03,165.69411764705882,10044.0,279,61,0,0,
c195c2ea359350b81a96211ccb40d03fb0501e7d,4,12,2820.096153846154,100.0,1,12,340,0.011683431952662722,0.6065384615384616,24.94674556213018,1297.2307692307693,0.018269230769230767,0.94,38.15384615384615,1984.0,44,8,0,0,
c20545cf079fcd100052faf6db21ee865023525f,9,98,3405.6672597864767,100.0,1,98,2102,0.009015124555160143,0.479,81.12692763938315,10044.0,0.022686832740213523,0.55,121.5373665480427,10044.0,377,185,0,0,
c21b13edbab3d247c8816a374ebb57ef71700952,4,63,6057.027210884354,100.0,1,63,253,0.010205215419501134,0.23500000000000001,233.29433106575965,10044.0,0.02897959183673469,0.54,258.1224489795918,10044.0,115,32,0,0,
c2660985c0dbf52fe68f7d3620fffa6ff8f2794f,13,90,4721.990476190476,100.0,1,94,1127,0.027934247299159578,0.8792857142857141,133.5605045172965,3782.8571428571427,0.04542857142857143,1.08,281.34603174603177,10044.0,242,73,0,0,
c28a837bbc21a0b6ea686c34b12a7e6badbc9140,14,97,3929.0,100.0,1,100,1619,0.062496450715587265,0.812142857142857,341.8985945899843,5766.8,0.10430875576036867,1.11,472.33179723502303,10044.0,314,120,0,0,
c2ac862e74879f4b60191f0bb1397eff1e157c8b,11,80,6056.508982035928,100.0,1,80,495,0.008041285849353924,0.3578947368421053,72.9235423889064,2336.6315789473683,0.022155688622754494,0.54,141.24550898203591,3548.0,147,20,0,0,
c2ca84eba451533cc357b9c82cdc4c59227ee38d,6,23,5093.303571428572,99.46428571428571,1,23,434,0.00044040880503144655,0.020062893081761006,691.1954177897575,37422.943396226416,0.0032142857142857142,0.12,1372.2142857142858,72564.0,49,7,0,0,
c2da78b847fbfac6920b3c5a2086c79b3a2db8f7,10,73,5601.402255639097,100.0,1,81,1016,0.01607313748028305,0.475,128.40569648871679,1988.0,0.04710526315789474,1.04,275.4887218045113,3160.0,224,42,0,0,
c2dc9b42636e453c1ad8e7a5e490654d39dc303b,9,67,6946.460176991151,100.0,1,67,233,0.004634839310666047,0.3647368421052632,21.274708896134143,1808.842105263158,0.009557522123893806,0.54,40.95575221238938,2644.0,101,12,0,0,
c308727c618e21c478dba676bcea9d040d179f99,4,64,6315.338129496403,100.0,1,64,267,0.013458033573141489,0.5290000000000001,100.5294964028777,2188.0,0.04546762589928058,0.54,221.38129496402877,2188.0,112,27,0,0,
c3127c3c92a3d510a78a5248b4e7fac50ab81e0b,15,102,5098.622340425532,100.0,1,103,1397,0.04376025560041335,0.8078571428571427,300.69727195326055,3423.3333333333335,0.07263297872340427,1.06,409.70212765957444,5136.0,319,57,0,0,
c32840e4bedac9715b49ce3f04b3dedb98007cfe,1,1,0.0,100.0,1,1,0,0.0,0.0,0.0,0.0,0.0,0.0,0.0,0.0,0,1,0,0,
c352dbabae85680f4ce4ebf67886666ce47edade,5,38,5405.130434782609,100.0,1,38,74,0.011195652173913044,0.39916666666666667,1774.9739130434784,80108.0,0.03358695652173913,0.54,1852.608695652174,80108.0,61,31,0,0,
c3635fc4a7b4545fc6df8dcad81f86d1e08c66cc,7,21,7678.571428571428,100.0,1,21,9,0.0,0.0,0.0,0.0,0.0,0.0,0.0,0.0,27,1,0,0,
c399382ea2553528d9b44a9aa6492cee7cf0b5c0,6,47,5560.522727272727,96.21212121212122,1,61,292,0.004031024531024531,0.524,85.92294372294373,1984.0,0.0043939393939393945,0.54,126.18181818181819,2768.0,105,27,0,0,
c3bf932c28538beb5024e80bd06e09c44661c8f7,4,8,5000.0,100.0,1,5,10,0.052000000000000005,0.52,198.4,1984.0,0.054000000000000006,0.54,198.4,1984.0,6,4,0,0,
c3e73d0362e2b21fae6edfcf518063e8a28b7b63,22,127,6085.997126436781,100.0,1,130,1522,0.012914806256309547,0.5241666666666667,162.9074060913666,2242.1052631578946,0.060689655172413794,0.63,828.7241379310345,18568.0,307,41,0,0,
c3fdd44aeb469416e4895afe4040e54eebc23db5,3,47,3540.2823529411767,100.0,1,47,546,0.015549159663865548,0.5275,169.16817927170868,3781.714285714286,0.019588235294117646,0.54,293.22352941176473,10044.0,118,52,0,0,
c41c79391cd0c8816cebc9a0b4ef1fcc5c2e4018,6,111,4430.734246575343,100.0,1,111,1007,0.017206281509886415,0.53,303.18207457526853,34828.0,0.03010958904109589,0.55,403.2986301369863,34828.0,264,101,0,0,
c4504ac02ad7e7e0c9ea3a1d78601374e483fc30,11,63,5734.020833333333,100.0,1,63,464,0.01043320105820106,0.527,81.8373015873016,1984.0,0.019097222222222224,0.55,153.97222222222223,2140.0,127,17,0,0,
c45bf22121eaa2f37dfec2f58729d22394ea220a,7,47,6875.596153846154,100.0,1,50,319,0.035696432278922156,0.6046153846153846,664.2622829262505,10044.0,0.06596153846153846,0.95,892.2307692307693,10044.0,97,7,0,0,
c484db51bb8e5e6218578a71ca541b135c2aa1ff,11,97,5214.298780487805,100.0,1,97,1258,0.001201219512195122,0.053000000000000005,52.25691056910569,2128.0,0.01201219512195122,0.53,139.5609756097561,2128.0,281,47,0,0,
c4dc23da121e0654017198804449e35b2e9c2027,1,6,566.0377358490566,100.0,1,6,160,0.0,0.0,74.86792452830188,1984.0,0.0,0.0,74.86792452830188,1984.0,21,32,0,0,
c4f595ca17b4c13287b0beec0dbd45d0e356055b,1,1,0.0,100.0,1,1,0,0.0,0.0,0.0,0.0,0.0,0.0,0.0,0.0,0,1,0,0,
c52befc118a44669cbf7912b419dfc433c1c0eee,6,51,5725.744680851064,100.0,1,51,323,0.01772929710163753,0.5715384615384616,166.75835433282242,10044.0,0.06900709219858156,0.95,344.79432624113474,10044.0,106,35,0,0,
c52fc84d8cd2335788c472ff6fa6b3aaaa8f2252,1,1,7500.0,100.0,1,1,0,0.0,0.0,0.0,0.0,0.0,0.0,0.0,0.0,3,1,0,0,
c5b963fdd21435b56c4cf55f49d652d92fc83093,5,59,5662.345,100.0,1,59,564,0.010923333333333332,0.44166666666666654,119.3260606060606,1653.3333333333333,0.014100000000000001,0.64,310.0,2256.0,163,37,0,0,
c5d903eea354607809419b5e23c869ea16626a59,7,108,4973.184848484849,97.27272727272727,1,112,1564,0.06516709138814403,0.8035714285714285,543.887271325166,84746.0,0.10860606060606062,1.05,947.8666666666667,166256.0,257,73,0,0,
c60be70309789b39355dc612f36e37090ccad5dc,10,83,6237.773255813953,100.0,1,83,389,0.007897009966777408,0.313,106.6734219269103,3610.8,0.0386046511627907,0.55,488.7906976744186,10044.0,146,26,0,0,
c667e08eaa5cf47dba38ac81da9c185659db42c2,1,4,8000.0,100.0,1,4,7,0.0,0.0,0.0,0.0,0.0,0.0,0.0,0.0,6,1,0,0,
c670d2529bab25c82fc7c3757cb11e7f2e404de8,1,5,8352.375,100.0,1,5,0,0.028730811403508773,0.22458333333333336,1331.5855263157896,8699.0,0.07,0.54,3095.0,21048.0,8,0,0,0,
c67df30ae6cf151f19df3e36d15f0361619ed47a,4,59,3156.0243161094227,100.0,1,59,1096,0.006626139817629178,0.4386666666666666,46.23302938196555,1984.0,0.008237082066869301,0.55,54.27355623100304,1984.0,196,133,0,0,
c69dcaf9e10f52b187b13e678f9fe65505167720,9,84,6452.253886010362,100.0,1,85,363,0.016866929929446974,0.5249999999999999,818.8143600332038,41688.0,0.03626943005181347,1.08,1303.3160621761658,62044.0,162,31,0,0,
c6b1b85455fc8ae7de258ff95875644d77f55254,7,62,6724.90756302521,100.0,1,62,315,0.014569577223601991,0.6015384615384616,453.8741196883612,30360.842105263157,0.05714285714285714,1.04,718.9579831932773,41204.0,107,12,0,0,
c6e9fd605b75a5090b1879635a6db8da08b8a600,6,77,5654.298245614035,100.0,1,77,396,0.03686605402394876,0.5290000000000001,178.30041771094403,2376.0,0.04461988304093568,0.56,246.66666666666666,10044.0,136,35,0,0,
c746678029d2139e7658a0f94e98bbf09f258673,4,41,5272.727272727273,100.0,1,53,178,0.0,0.0,20.04040404040404,1984.0,0.0,0.0,20.04040404040404,1984.0,71,28,0,0,
c757c72ff79910b22c548daf9067d6a682bdbb4b,5,70,6852.771276595745,100.0,1,70,551,0.02017130387343153,0.531,97.99934533551554,2184.0,0.02696808510638298,0.65,138.29787234042553,2184.0,172,16,0,0,
c787e77b224890e7fdcc8e2ca0c0577657d98581,7,88,5081.70744680851,100.0,1,88,426,0.0005691489361702129,0.054000000000000006,2.1106382978723404,198.4,0.005691489361702128,0.54,21.106382978723403,1984.0,135,53,0,0,
c8332f72a4f6049ef2f28e4a0fcbde9d142c8591,4,49,4597.585,100.0,1,49,522,0.002467142857142857,0.49142857142857144,115.27276190476191,10044.0,0.0028000000000000004,0.54,159.96,10044.0,145,55,0,0,
c846650d2b1b4a07f67e13c5aa56c15185f81f15,12,105,4907.579399141631,100.0,1,107,2051,0.020599867943215583,0.6023076923076924,2060.123652313352,108968.8,0.03755364806866953,1.06,3702.755364806867,200732.0,390,76,0,0,
c87d4a1dca2349d1fbdff1c6d6a57708c1df793e,7,44,5495.875,100.0,1,45,1124,0.0617211213362255,0.9647999999999999,678.4530885200102,43863.42857142857,0.12993055555555555,1.06,1577.5,80612.0,132,12,0,0,
c8944ded19113906cf130904726028c5c1a11138,9,54,5277.963636363636,96.36363636363636,1,73,589,0.05183165723165723,0.7721428571428569,539.7319658119658,60613.066666666666,0.08587878787878787,1.05,1008.2666666666667,124056.0,134,31,0,0,
c8a8565f00553a00a5d510958dc8c40a4a477783,7,63,6066.694805194805,100.0,1,63,537,0.026918891293891294,0.5777777777777777,505.79384699121545,9801.62962962963,0.05337662337662338,1.04,2244.935064935065,51880.0,140,14,0,0,
c8bd30152ccbeebb18f9b1fedac0869f845980df,1,1,8428.5,100.0,1,1,11,0.004714285714285715,0.00942857142857143,52.91428571428571,105.82857142857142,0.01,0.02,1852.0,3704.0,2,0,0,0,
c8d7193cba58a3bf26ba18f4ba5728c56ddcd4a3,4,63,5918.456790123457,100.0,1,63,299,0.0014454732510288065,0.22916666666666666,258.20576131687244,10044.0,0.003395061728395062,0.53,260.24691358024694,10044.0,127,35,0,0,
c8ea10d959a7c782b45e6e83040472d432fa448f,5,42,4407.3538461538465,100.0,1,41,427,0.027883333333333336,0.53,180.48586080586082,1984.0,0.03723076923076923,0.54,259.44615384615383,1984.0,99,31,0,0,
c9c6d1fdb1bc64d7137f0fb7050e334cbb7c0f6e,10,78,5166.379061371841,96.21841155234657,2,80,7398,0.10598161740460714,1.0279999999999998,2128.7301777261446,30215.76,0.2608303249097473,1.55,3475.870036101083,71440.0,514,40,0,0,
c9c9df2ea1ddcc10cc57d4e1d92b2f8b33d94538,10,90,5853.886925795053,100.0,1,90,803,0.016782096584216727,0.5208333333333333,116.09846878680801,3327.3333333333335,0.04070671378091873,0.58,189.7243816254417,10044.0,241,42,0,0,
c9d7b86399869ced995a6e467a257c3915339562,4,76,5927.805714285714,100.0,1,79,323,0.005457142857142857,0.521,32.12190476190476,1984.0,0.006171428571428572,0.54,34.011428571428574,1984.0,134,41,0,0,
ca01f93cb3384006f7af5de96bc25f924ad8bd14,4,43,4741.546125461255,100.0,1,43,1106,0.0030959409594095936,0.4343333333333333,12.201722017220172,1653.3333333333333,0.003985239852398524,0.54,14.642066420664207,1984.0,231,40,0,0,
ca3bb5c80bd96ba545e0a42232c6fcdb55f7106a,4,45,3549.875457875458,100.0,1,45,999,0.0034615384615384616,0.4760000000000001,72.9954045954046,1984.0,0.003956043956043956,0.54,87.78021978021978,2140.0,200,73,0,0,
ca6829e71c271976a4eeae12cbba5e49f232da3e,8,24,6219.512195121952,100.0,1,24,19,0.0,0.0,0.0,0.0,0.0,0.0,0.0,0.0,41,0,0,0,
ca84b66fa8d2c26e91bcd21dea081bb062e51711,1,12,4335.257575757576,100.0,1,11,1644,0.058787878787878785,0.43900000000000006,235.44676494676494,1653.3333333333333,0.07734848484848486,0.55,308.6969696969697,1984.0,116,16,0,0,
cac291a9658d7ef15e1ef0c71b188d96eec19ad0,1,1,0.0,100.0,1,1,252,0.1534464285714286,1.0242857142857145,297.6,1984.0,0.1565,1.05,297.6,1984.0,9,11,0,0,
cb0f9c7be617b2bd18ae83ee9e85b621cabda67c,10,98,6612.587155963302,100.0,1,98,483,0.00791808650065531,0.9030000000000001,64.42271734381826,2006.4,0.020642201834862386,1.04,261.54128440366975,10044.0,193,25,0,0,
cb16d181d96fc8c94f8416437c059b5f0aabded1,5,34,8452.38,100.0,1,33,50,0.0041400000000000005,0.052000000000000005,15.88,198.8,0.041400000000000006,0.52,158.8,1988.0,47,3,0,0,
cb713a14e9dcf23999265a8826e204beb646626b,4,32,1718.64,100.0,1,32,1033,0.012412000000000001,0.526,76.18560000000001,1984.0,0.013040000000000001,0.58,79.36,1984.0,143,107,0,0,
cb72cf616f3cafed458ef94be529c172bbcc5277,9,86,6482.843243243243,100.0,1,86,383,0.008558258258258258,0.531,294.8742342342342,10044.0,0.014810810810810811,0.56,357.25405405405405,10044.0,163,22,0,0,
cb7cbbf59876001661704aca5fa8d70467f514a6,14,81,5016.242666666667,95.2,1,111,2323,0.020688078529657476,0.545,356.65065797827907,17998.285714285714,0.046373333333333336,1.04,2589.770666666667,274624.0,315,60,0,0,
cbb7db3eb5270179fe8ebb9e73dde2c894c9a971,7,49,4539.9693251533745,100.0,1,49,785,0.03858142879615272,1.0253333333333332,301.4047776354525,2517.0666666666666,0.05803680981595093,1.04,400.6871165644172,2768.0,141,22,0,0,
cc1f8f78f5ef5237c717194b38699b168c265513,4,25,4723.258064516129,100.0,1,26,491,0.03688765106607848,0.6046153846153847,144.5676408418344,1322.6666666666667,0.10145161290322581,1.07,281.2903225806452,2376.0,58,4,0,0,
cc431fffd568a0d46d302233b4d71bd216fa94f3,13,80,4931.79296875,100.0,1,80,679,0.00991899896978022,0.6042307692307692,192.73717116217117,31599.384615384617,0.0254296875,0.94,388.625,53296.0,194,62,0,0,
cc818564efabc759f8cfd2e978029ff6125406cf,14,75,4083.2026431718064,100.0,1,75,953,0.042670948343853314,0.8085714285714286,244.17025478847472,2083.8260869565215,0.09405286343612336,1.04,440.9867841409692,10044.0,186,41,0,0,
cc8edf9c827fef5ead4c85eabf96ca7033ddf165,7,19,4019.607843137255,100.0,1,19,22,0.0,0.0,0.0,0.0,0.0,0.0,0.0,0.0,41,10,0,0,
ccc7600e812ec5b6e75a9b4e2b04f00a48d1a9dd,1,3,6259.75,100.0,1,3,20,0.15515182186234816,0.6069230769230769,689.7813765182186,1461.8947368421052,0.2875,0.94,992.0,1984.0,4,0,0,0,
cd1c8085cc77aaebd3c527b4ecae7e9150ce0d77,11,103,5828.145762711864,100.0,1,102,622,0.011939634941329857,0.5676923076923077,102.22445893089962,2192.0,0.030135593220338985,0.94,305.6135593220339,10044.0,234,61,0,0,
cd2b912e4a3d661cd4f500287d3bf1b4f444b7bd,15,77,4076.8771186440677,100.0,1,77,963,0.02386598218166015,0.6958333333333334,983.5813233376792,50494.333333333336,0.05055084745762712,1.04,1933.1525423728813,83100.0,176,60,0,0,
cd2cc30c2a3c6b967fc897beaeae9d3482163a21,8,47,6767.345864661655,100.0,1,48,967,0.021615334095033346,0.47809523809523813,1011.0486175961839,48461.53846153846,0.07210526315789474,1.04,2058.1052631578946,50000.0,123,10,0,0,
cd32daa7c1ff3ed117a127c9c185c1b53a396138,4,44,7497.746666666667,100.0,1,44,93,0.0001866666666666667,0.014000000000000002,16.448,418.4,0.0010666666666666667,0.08,82.24,2092.0,64,11,0,0,
cd6862158d54e5c270e8d4bed99f73f32a721e14,10,79,6761.852348993289,100.0,1,79,463,0.021704450530042194,0.7222500000000001,80.83550254055376,2115.0,0.03691275167785235,1.04,179.16778523489933,10044.0,132,17,0,0,
cdea6ad7a63edbcba925717a8c64328c255a0450,5,115,6070.669421487603,100.0,1,115,942,0.019866214593487322,0.3008333333333333,159.79156747751787,1984.0,0.06432506887052342,0.54,335.0633608815427,2052.0,314,49,0,0,
cdfb7ea46096b2a49dd710ef5dfe7bb354cda15a,4,57,5354.3121019108285,100.0,1,57,437,0.013713375796178344,0.527,51.81146496815286,1984.0,0.020382165605095544,0.55,75.82165605095541,1984.0,125,32,0,0,
ce201bf315598feafcad345a663284bc266862c0,10,94,6494.197860962567,100.0,1,94,366,0.0,0.0,2.1219251336898397,198.4,0.0,0.0,21.219251336898395,1984.0,157,30,0,0,
ce2f2072bf32af4582a24726936af34f88225213,11,71,6908.971830985915,100.0,1,83,879,0.0033082942097026604,0.156,33.79255533199195,1612.0,0.034976525821596244,1.13,198.91079812206573,6200.0,195,18,0,0,
ce3ad9b28ad26a494e6a196c110ca405402f3e9b,7,104,6162.4331210191085,100.0,1,105,1146,0.04470802925982276,0.865,164.78999114641084,3763.7894736842104,0.06888535031847134,1.05,234.1656050955414,5108.0,267,47,0,0,
ce56b4a23981e6c9f70e87f087bc1be07fdf25cd,4,19,6090.766666666666,100.0,2,18,349,0.008850960498731105,0.19458333333333333,462.27660818713446,8539.666666666666,0.025,0.5,1098.5333333333333,20812.0,24,4,2,0,
ce5a9a38579b80879f4de53eaab2d0083b685d62,1,7,4658.3,100.0,1,7,178,0.029625000000000002,0.078,153.76000000000002,396.8,0.20950000000000002,0.54,793.6,1984.0,18,2,0,0,
ce892387ba13c6b526d18de003b62c1bfe4c125f,4,40,6544.621052631579,100.0,1,40,280,0.0016558704453441297,0.053000000000000005,6.265263157894737,198.4,0.01663157894736842,0.53,62.65263157894737,1984.0,89,6,0,0,
cee203ff00aaca3eaaef780ea6c4a68a3f8fd2fa,15,89,6248.5330188679245,100.0,1,90,562,0.011439573484499855,0.522,203.99555584774174,1984.0,0.03528301886792453,0.54,300.9433962264151,2140.0,190,22,0,0,
cee41e969faac5fdd054a726b10fb09228eb7061,8,22,5595.238095238095,100.0,1,22,12,0.0,0.0,0.0,0.0,0.0,0.0,0.0,0.0,35,7,0,0,
cf4bc843e5bd6ba302b1289af66f383b0329d6bf,3,13,5348.490196078431,100.0,1,13,95,9.80392156862745e-05,0.005,255.86143790849675,4650.0,0.000980392156862745,0.05,1106.2745098039215,34596.0,40,11,0,0,
cf5422ab2f6793f4d5930d2901e652ed7dadac9d,11,66,4228.274111675127,100.0,1,74,1134,0.031220763053097206,0.6007692307692308,542.3613726478771,32096.923076923078,0.060101522842639594,1.05,876.8527918781726,53692.0,152,45,0,0,
cf6788dceae33f7826997b7fa99b5189cff1aa4d,4,60,6194.019108280255,100.0,1,60,371,0.013630573248407643,0.42300000000000004,77.79388792382423,1984.0,0.020445859872611466,0.54,141.60509554140128,4376.0,133,24,0,0,
cf84076c807f395016eaee41297162276781b963,10,53,7147.477272727273,97.08333333333333,1,54,1130,0.012948952126891514,0.29437500000000005,198.34546486145067,3205.44,0.09075757575757576,1.05,795.4545454545455,9796.0,123,9,0,0,
cf8a26a2ce3ac2cfd81a1050e73bdc7a4cd225e0,5,12,1956.5217391304348,100.0,1,14,88,0.0,0.0,0.0,0.0,0.0,0.0,0.0,0.0,17,29,0,0,
cfe62afe7795494a49cfaa46bdf17c38a3c0d284,15,100,6473.03125,100.0,1,102,1215,0.010986128239966555,0.5115384615384615,37.965090928093645,1488.8695652173913,0.0286328125,1.04,83.296875,3428.0,225,31,0,0,
cfe97f961ec4d2fc578ef0aaf87f52c54a9aa181,10,84,5350.879807692308,100.0,1,84,476,0.0075567765567765574,0.7145,283.7549908424908,41048.0,0.012692307692307694,1.04,344.4230769230769,41048.0,154,54,0,0,
cff1765d7a97d3f012a354586ccfd49fdaf6aa44,10,93,5194.1,100.0,1,93,686,0.0017674285714285713,0.40928571428571425,10.543542857142857,1558.857142857143,0.00256,0.55,15.872,1984.0,191,59,0,0,
d023d3790457d12ac59581326aff1a396b206d09,4,63,6242.390410958904,100.0,1,62,451,0.0027876712328767117,0.4069999999999999,52.09132420091324,1984.0,0.0036986301369863017,0.54,95.12328767123287,1984.0,133,13,0,0,
d0561a58b05777ad43db1e0627d8770d37c48d5e,5,27,5798.782608695652,100.0,1,27,286,0.019518288474810214,0.53,77.77170462387853,1984.0,0.03536231884057971,0.54,172.52173913043478,1984.0,63,6,0,0,
d06025e3b7e91bb8718335f7328466206060faee,6,59,4467.472118959108,100.0,1,58,773,0.0057024895798129995,0.526,61.30715331756223,1984.0,0.00925650557620818,0.56,111.09293680297398,10044.0,193,76,0,0,
d08b1608a634fda68fd097f278ce9fd4ac24046a,11,83,6329.590425531915,100.0,1,83,531,0.013003039513677811,0.8085714285714285,33.92340425531915,1558.857142857143,0.017074468085106383,1.04,56.93617021276596,2768.0,163,25,0,0,
d0d3472fa981f90d8e6d036dea4bb627c73b6592,12,97,5596.442244224422,100.0,1,97,891,0.005092409240924093,0.263,1630.1431400282884,50812.0,0.013795379537953794,0.54,1662.5082508250825,50812.0,257,46,0,0,
d0f28e44db91cce7caff1db428643300dfb3392f,6,96,5666.743859649123,100.0,1,99,1028,0.022091228070175436,0.43966666666666654,148.0876084949215,1984.0,0.0428421052631579,0.59,232.0421052631579,2644.0,241,44,0,0,
d11774bd10cd517b1cde216ca391e76efaf59b44,8,47,4903.580174927114,99.25655976676384,1,49,5241,0.1415336550022792,1.0239999999999998,1473.1484203360849,33429.6,0.4590087463556851,1.25,4154.297376093295,84396.0,323,20,0,0,
d11e42daac68288eea95d8923771a326e667b520,5,114,5381.210714285714,100.0,1,113,812,0.002997916666666667,0.49066666666666675,320.2648469387755,35297.7,0.004857142857142858,0.54,451.2857142857143,51276.0,225,55,0,0,
d13ea487552242f9c688d613dab06ea5b8a867a1,11,91,7005.675126903553,100.0,1,91,393,0.004010998307952623,0.29583333333333334,70.49746192893402,1984.0,0.01873096446700508,0.55,120.8527918781726,1984.0,178,19,0,0,
d1e238d8cc58ceae3359c94b2a4a976a975fc9ac,6,101,5187.536585365854,100.0,1,104,1107,0.012091100464576074,0.5166666666666666,89.33658536585367,2132.0,0.022621951219512198,0.7,137.7439024390244,3368.0,260,68,0,0,
d20b8e96e5c520827768fe614961d0534c6f2680,6,110,6198.023622047244,100.0,1,115,501,0.0013605606991433762,0.07571428571428572,104.8662801765164,2128.0,0.012086614173228347,0.54,171.88976377952756,2188.0,215,39,0,0,
d2491eb9351f861cdcd439fd5d73883a6d681d6a,20,101,6370.035555555555,100.0,1,103,760,0.02264068360235408,0.551923076923077,140.333597013716,2357.4736842105262,0.04524444444444444,1.04,303.96444444444444,5144.0,201,24,0,0,
d28c344507f89c41df926794e0d5a96d10349014,1,2,5297.166666666667,100.0,1,2,91,0.02354166666666667,0.14125000000000001,335.73333333333335,2014.4,0.05333333333333334,0.32,570.6666666666666,3424.0,6,0,0,0,
d2a2d2ee79d993c9821f176d9a248223ee59b3c7,9,48,6037.735537190083,100.0,1,50,357,0.010276541640178003,0.5692307692307692,98.1673235855054,9039.6,0.024214876033057848,0.94,148.59504132231405,10044.0,101,20,0,0,
d2ef78c03149ddfd267005d0dcd248adcc227e02,6,60,2889.2312373225154,100.0,1,60,2086,0.010400946585530764,0.526,128.99231667588666,10044.0,0.011156186612576065,0.54,182.10141987829616,10044.0,339,154,0,0,
d37f552ad5c3e1e1c3fc9aebbea6cf50e1b9f334,1,4,5696.0,100.0,1,4,39,0.07803125,0.308,378.2,1388.8,0.14500000000000002,0.54,744.0,1984.0,8,0,0,0,
d3de05492e2353a5f3a80b5ea37a6de4651923fe,6,111,5583.9473684210525,100.0,1,116,1970,0.007206782328379425,0.42909090909090913,42.659748962471284,1984.0,0.03863883847549909,0.54,219.70961887477313,1988.0,486,65,0,0,
d4707fc4aa22e29062e02639a1b8c9f7ba3e6b65,7,20,4830.569620253164,100.0,1,20,271,0.04340798442064265,0.6046153846153847,238.6375910565118,2128.0,0.1332911392405063,0.94,605.9240506329114,2128.0,59,20,0,0,
d4a08e7df54afbd81401faf2e0349e88ed7fc2d9,9,46,6242.452631578947,100.0,1,47,296,0.034601162380623225,0.8049999999999998,148.94953180324168,3708.0,0.06305263157894737,1.04,290.94736842105266,10044.0,82,13,0,0,
d4a5c57c98a9d8e16b1dd93042d22cc422772b0d,4,41,2231.1420289855073,100.0,1,41,1435,0.005270903010033444,0.6076923076923076,11.280267558528427,1297.2307692307693,0.008202898550724638,0.95,17.252173913043478,1984.0,211,134,0,0,
d4ca57e34b4e28a3a0c73339e0c72db036894d3a,17,104,4967.40650406504,100.0,1,104,957,0.0007082204155374888,0.053000000000000005,24.195121951219512,1984.0,0.007046070460704607,0.53,48.390243902439025,1984.0,275,94,0,0,
d5155526fe2b5c2b956687b34d478647ef6bd092,5,55,5419.953846153846,100.0,1,55,560,0.020189743589743587,0.43933333333333324,76.3076923076923,1653.3333333333333,0.02507692307692308,0.55,91.56923076923077,1984.0,113,17,0,0,
d5179819718a325ee33fa2096f37995ea6cfea8c,6,50,7004.724137931034,100.0,1,49,98,0.0003448275862068966,0.030000000000000002,115.11067323481116,2128.0,0.0008045977011494254,0.07,129.6551724137931,2768.0,74,13,0,0,
d525d6edf4b0c6362ddaa4814c3930a6a62bdc99,10,98,6124.041474654377,100.0,1,98,477,0.0,0.0,19.2,1984.0,0.0,0.0,27.428571428571427,1984.0,178,39,0,0,
d57eca033aa6388430166086ed3d0390ffefa85d,4,63,6139.0723684210525,100.0,1,63,447,0.0,0.0,2.3093117408906885,198.4,0.0,0.0,26.105263157894736,1984.0,134,18,0,0,
d5841f944022e9ef49bf6ac9b5546dd82ab2784f,1,2,952.3333333333334,100.0,1,2,124,0.009679487179487179,0.058076923076923075,330.6666666666667,1984.0,0.015,0.09,330.6666666666667,1984.0,6,0,0,0,
d5cc23d9ca216f0f8c6e5ada7c4e3284a3920958,3,10,3617.021276595745,100.0,1,10,80,0.0,0.0,0.0,0.0,0.0,0.0,0.0,0.0,25,22,0,0,
d5e3e0d1ec5eae8e2fc08b9c3607cc766be6dffe,5,57,5175.846153846154,100.0,1,57,528,0.009576423576423576,0.41200000000000003,97.63739118024833,10044.0,0.028571428571428574,1.04,153.2967032967033,10044.0,142,40,0,0,
d615e34b407b1816d1ae062d56a466c1d17b68ae,16,86,7379.841059602649,100.0,1,90,333,0.023543059763519857,0.7240000000000001,243.7112904523152,9039.6,0.04841059602649007,1.04,400.3708609271523,10044.0,138,13,0,0,
d6515d627895751c832a3075053719da2f5e6cef,5,59,3233.8849206349205,100.0,1,58,826,0.005249118165784833,0.528888888888889,138.27830687830686,10044.0,0.010238095238095239,0.55,168.20634920634922,10044.0,150,102,0,0,
d66918b05a4d978f6aa15979c85902d09babc898,7,23,4083.3333333333335,100.0,1,23,27,0.017166666666666667,0.52,66.13333333333334,1984.0,0.017166666666666667,0.52,66.13333333333334,1984.0,50,10,0,0,
d66c55f4502b462e88d4529dd6b4d167fd42d165,10,68,4333.116465863453,100.0,1,76,1033,0.01578803124586257,0.6731428571428572,46.976830398517144,1984.0,0.039919678714859436,1.04,122.16867469879519,2644.0,186,63,0,0,
d68718e7e9140ca136bf5e39efd7c122632ebba2,5,59,4615.268518518518,100.0,1,59,1181,0.00691375394153172,0.523,112.13603762492652,7174.285714285715,0.009783950617283951,0.54,233.8395061728395,10044.0,247,77,0,0,
d69d2c6bc916b8d054bd50f4270a1c6d8cca1426,11,63,6161.455026455026,91.005291005291,1,87,387,0.010034391534391535,0.6042307692307692,139.8877355448784,1736.0,0.023280423280423283,0.94,346.41269841269843,1984.0,157,32,0,0,
d6f54f87ad964bd1cea20ffceea962f8b6236da3,6,111,5535.6511627906975,100.0,1,116,873,0.003025678294573644,0.30083333333333334,60.65232558139535,1984.0,0.013924418604651163,0.54,104.12790697674419,2092.0,291,53,0,0,
d73a15bdcce722312152f547cec67e8dd584a6a8,14,102,5112.605042016807,100.0,1,102,1197,0.00028571428571428574,0.051000000000000004,45.34117647058823,2008.8,0.002857142857142857,0.51,167.76470588235293,10044.0,301,56,0,0,
d7a319cabc8e30b748e2beca44fc575fc83197d3,5,109,4525.328519855596,100.0,1,109,616,0.01640877534018328,0.53,183.0062760344349,10044.0,0.03765342960288809,0.56,236.77978339350182,10044.0,199,78,0,0,
d7af1840c8914a381ffae4617c33ab76833d9513,11,100,4260.617529880478,100.0,1,100,780,0.004483067729083664,0.5325,502.8027888446215,59631.2,0.008127490039840637,0.64,727.6175298804781,84500.0,178,73,0,0,
d84468682013517fdcb3506ee81783dcbdf3bad4,12,83,5856.237885462555,100.0,1,85,817,0.029719773922578265,0.6042307692307692,244.08590831824958,10044.0,0.08947136563876652,0.95,526.590308370044,10044.0,199,28,0,0,
d8550edf3efaf335a9648aec7584ab6acb55cf30,11,80,6776.919354838709,100.0,1,87,717,0.025190906551529467,0.579,123.37471063961239,1984.0,0.06596774193548387,1.04,300.0,2640.0,170,16,0,0,
d8ad4586476ab6240c0ec83f3c12cd4cc7a8f622,6,115,5222.421052631579,100.0,1,120,1108,0.01273582689240584,0.532,245.9009847462479,10828.0,0.02921052631578948,0.55,318.9684210526316,10828.0,319,61,0,0,
d8cb6954aff8cc17b05a205c949f36b46493eb8b,6,99,3749.4781420765025,100.0,1,102,1034,0.006158203059842404,0.6030769230769231,62.110691187826646,1984.0,0.010273224043715848,0.94,108.75409836065573,10044.0,235,131,0,0,
d8cc02c7b6d2478b9f6d47664272c43801d6d9a9,5,58,5109.459595959596,100.0,1,58,652,0.004973063973063973,0.5279999999999999,152.89158249158248,10044.0,0.005757575757575758,0.58,191.63636363636363,10044.0,163,35,0,0,
d92840812393583b0f053de80ecee59f5b19bc03,10,60,5807.25,93.42105263157895,1,75,864,0.01678666422701711,0.777142857142857,134.75735041117431,2688.4210526315787,0.03342105263157895,1.04,256.49122807017545,5108.0,198,30,0,0,
d94808bbe3e5b3ffc39c8d68e0eed70929c70762,7,41,5372.17094017094,100.0,1,43,483,0.02049159148464704,0.48370370370370364,175.30418097255702,10044.0,0.03709401709401709,0.55,255.4188034188034,10044.0,93,24,0,0,
d982afe8253215b9a75464a85bb061d5d5f7975a,10,84,3209.8478802992518,100.0,1,84,1661,0.017710202515688802,1.0277142857142858,120.06035460798552,2391.542857142857,0.030498753117206984,1.07,184.36907730673317,2768.0,273,128,0,0,
da37e77368c2bd5a7a9792749fd6ed83e05e2515,15,107,3761.5425531914893,100.0,1,107,1563,0.02306914939986414,0.7987500000000001,276.4049681558197,4675.833333333333,0.04895744680851064,1.06,370.41702127659573,5676.0,332,138,0,0,
da7fa747f59ca321b48b414b2f884d027bc961f8,11,87,4499.694690265486,100.0,1,87,738,0.02336600265128444,0.5711538461538461,82.31888502740854,2614.315789473684,0.046460176991150445,0.94,131.55752212389382,3548.0,162,64,0,0,
dace1e5b88ac51d7bd53523ad70f8d5d188b9368,11,100,4263.194092827004,100.0,1,100,911,0.011746773620191343,0.6038461538461539,116.10318682723745,10044.0,0.0250210970464135,0.94,199.1561181434599,10044.0,181,56,0,0,
dade8cdd2806e1efa138e68d984abd0ab1c87ced,12,98,6228.528409090909,100.0,1,99,404,0.006941287878787879,0.48583333333333334,33.81818181818182,1984.0,0.009147727272727273,0.54,33.81818181818182,1984.0,145,31,0,0,
dafd07b7aab7dad9894cee44cad55efc89255614,5,94,4810.914965986394,100.0,1,94,805,0.007620078334364048,0.523,47.64708307565451,1984.0,0.014727891156462586,0.55,80.9795918367347,1984.0,219,75,0,0,
db4c010c135d84c00fee816a085360bca2537594,8,87,4718.938983050847,100.0,1,87,775,0.03199587756875892,0.525,230.01487055317563,6581.2,0.03752542372881356,0.54,255.66101694915255,6584.0,219,76,0,0,
db5924e7ed00c9136308999827d50dbcecae5091,2,37,4535.988888888889,100.0,1,37,256,0.0022735042735042735,0.20461538461538462,30.52307692307692,1984.0,0.006,0.54,44.08888888888889,1984.0,64,26,0,0,
db7c4fbff4eaf7b21678b8b053a0c3dcd74dd2b1,10,101,5233.40243902439,100.0,1,101,1090,0.008923802823193066,0.605,54.875106600716364,1984.0,0.015121951219512195,0.95,137.47560975609755,10044.0,270,58,0,0,
dbb0e3f3c32292438fbd39684d9f1ad153bba64a,15,87,5491.308196721311,100.0,1,87,810,0.02032615144418423,0.537,192.2488056206089,2140.0,0.0559672131147541,0.68,930.5049180327869,17056.0,247,58,0,0,
dbc27d6c8a04413d73a885a7b2c2d8db605504fe,1,2,4000.0,100.0,1,2,0,0.0,0.0,0.0,0.0,0.0,0.0,0.0,0.0,4,6,0,0,
dc5325f05ad384cacb2431acfa1f398913151afb,13,75,5173.754385964912,100.0,1,76,783,0.008021052631578948,0.524,140.25477025898078,10044.0,0.028280701754385965,0.54,315.00350877192983,10044.0,223,62,0,0,
dc87f8c4ae8953d2d0bcaf1a08239547d77cdee8,11,106,5562.889632107023,100.0,1,106,750,0.005190671804565945,0.48275000000000007,146.31075460207884,10044.0,0.026187290969899666,1.05,288.6555183946488,10044.0,237,62,0,0,
dcf7777f614c11ed45f8ff82f2c44d7dd15889af,7,103,4977.783216783217,100.0,1,107,904,0.011981071560018928,0.4373333333333333,52.72057766794608,1945.8947368421052,0.01737762237762238,0.55,85.55244755244755,2644.0,215,71,0,0,
dd98462b95687767f50edcdc4758ff5237c0bcff,4,61,5502.624535315985,100.0,1,61,897,0.0052453531598513,0.4379999999999999,327.52664188351923,9043.2,0.008438661710037175,0.6,402.542750929368,10048.0,238,31,0,0,
ddc549a4ced606b9181bc2e6e0bb75824fc20f70,5,71,5118.177215189873,100.0,1,71,1209,0.01082518220176448,0.528,94.48411967779057,1984.0,0.015348101265822787,0.55,251.22784810126583,1996.0,267,49,0,0,
ddffb03cf0301334f5a2f89626640fa8812bde5c,11,106,5347.508130081301,100.0,1,106,908,0.015335849787069299,0.527,90.11010452961672,2188.0,0.020731707317073172,0.54,108.8780487804878,2768.0,212,34,0,0,
de163edff457321dc540b375c7b316c7f9fe73cf,6,116,5888.929487179487,100.0,1,121,760,3.2051282051282054e-06,0.001,13.83076923076923,1984.0,3.205128205128205e-05,0.01,19.076923076923077,1984.0,264,48,0,0,
dea33f83f3cd94f54f1063a0cd22eab07ec8d3cd,5,51,4182.3345323741005,100.0,1,51,974,0.005303139306736429,0.5233333333333333,134.9618487028559,10044.0,0.00974820143884892,0.56,150.31654676258992,10044.0,211,67,0,0,
defaf0c38d68f9958bd180e1a709f130a999b2e6,6,102,6886.686567164179,100.0,1,104,434,0.027838882510524302,0.6019230769230769,154.6348028509851,2043.4285714285713,0.05049751243781095,0.94,260.53731343283584,10044.0,170,31,0,0,
df15664e980175f8ee9ea6687b81c59f3139406f,7,51,2865.648,91.77333333333333,2,51,2496,0.016043583597883597,0.527,444.81822274170275,15551.377777777778,0.03082666666666667,1.04,698.24,21716.0,292,83,0,0,
df17da01944f34b2a6b59e8d45407c1297f9834a,10,60,4716.3452380952385,100.0,1,66,1559,0.004989202901704613,0.47750000000000004,57.51366984770788,1984.0,0.01896825396825397,0.57,149.0793650793651,3548.0,196,56,0,0,
df1a661311bcb75b3b3c258c46ab75819bd6d249,6,42,5932.215384615384,98.73076923076923,2,40,1275,0.018788512128896744,0.4325,441.53284548784546,12499.692307692309,0.10776923076923077,1.13,956.7692307692307,18136.0,122,8,0,0,
df42fc345b50f42b32dc5f9df420978b1cda663d,5,57,5580.977168949772,100.0,1,57,802,0.021823209261565422,1.023,215.35929154559292,9039.6,0.032785388127853886,1.04,292.51141552511416,10044.0,189,30,0,0,
df8fb59599b421d91967aa7d053fa72e91e4f6fb,20,116,5259.443850267379,100.0,1,117,2779,0.04353200459474092,1.0237500000000002,382.29532620910635,31931.652173913044,0.07982174688057041,1.05,646.6452762923351,56636.0,494,67,0,0,
df90d9da415c30c25a16e21ca85638577961e81b,13,83,6023.641860465116,100.0,1,86,547,0.018673285629099583,0.8035714285714285,1071.9028103353196,211564.0,0.031674418604651165,1.04,1480.3162790697675,290492.0,183,32,0,0,
df9e2c6cfb6035fa5b26af3b101bacf64e95e913,7,104,5555.497991967872,100.0,1,112,781,0.01864726162538464,0.6007692307692307,126.74706320946017,2874.8571428571427,0.03132530120481928,0.94,302.1044176706827,10044.0,199,50,0,0,
dfc34f90e58f60b101c824e10d74b8ad0c46a2cf,10,94,4707.846153846154,100.0,1,94,803,0.011345885552574516,0.606153846153846,68.30577529493918,1842.2857142857142,0.0335,1.05,106.35384615384615,2644.0,191,69,0,0,
dfdeea1cf0b4fb6c906a25d99aa5756efe14c996,12,102,5464.5,100.0,1,103,1827,0.004102111590197353,0.4656521739130434,59.97403424353976,9039.6,0.00899209486166008,1.04,114.26086956521739,10044.0,446,60,0,0,
e036815d3a8d88224e7e8a95c64ca031dd5b205f,8,32,5217.119565217391,100.0,1,32,541,0.0,0.0,201.9717391304348,9039.6,0.0,0.0,327.5217391304348,10044.0,153,31,0,0,
e04a53abed6db648ac01e162aad84ef8b608365b,6,102,5823.9902912621355,100.0,1,106,475,0.00505663430420712,0.5233333333333333,20.2252427184466,1984.0,0.005194174757281554,0.54,28.893203883495147,1984.0,168,38,0,0,
e07c3edba3602b0d172c2db763539dfa9819027c,12,115,6032.893238434163,100.0,1,115,803,0.01439760782051514,0.8078571428571427,148.5615151200312,6718.0,0.041494661921708184,1.04,267.9003558718861,10044.0,240,41,0,0,
e0850b1bd8f8de58096da128ec94efbdf5f05ca8,7,49,5296.059210526316,90.78947368421052,1,63,510,0.01477451441102757,0.556,273.2945175438597,6717.5,0.03631578947368421,1.04,396.0263157894737,7332.0,135,17,0,0,
e105dc9d8869af3a83704a5d048424441ce4ad01,1,1,0.0,100.0,3,1,0,0.0,0.0,0.0,0.0,0.0,0.0,0.0,0.0,0,6,1,0,
e13e39c815ec66160db3c75b7331dc1a0dd1d4ce,7,45,5293.169590643275,100.0,1,48,828,0.040263832658569504,1.025357142857143,321.3867432113046,2128.0,0.0872514619883041,1.04,564.093567251462,2644.0,153,18,0,0,
e15002a49ed03188f18c7a791c458c19d1ec973a,7,60,4494.717741935484,100.0,1,63,1823,0.04400140406188793,0.6068181818181817,401.53029721174886,9204.592592592593,0.10120967741935484,1.12,1826.8870967741937,51220.0,212,36,0,0,
e1d3226bcfad8043e69d31f3d76e719c7f041d3e,11,111,6357.130699088146,100.0,1,111,940,0.03089174764049219,0.8643333333333334,249.88059276083592,7097.166666666667,0.0668693009118541,1.12,708.741641337386,99644.0,290,39,0,0,
e20abeea371227f8a6318491ca3c0211afbdc1a1,5,95,6992.194805194805,100.0,1,98,106,0.003084415584415585,0.4750000000000001,32.22857142857143,1785.6,0.0035064935064935067,0.54,38.675324675324674,1988.0,120,34,0,0,
e25991f3bf474e9b542b09aef2407a78f3ffc61d,4,43,2272.3769470404986,100.0,1,43,975,0.009320872274143303,0.534,143.51615487316423,10044.0,0.021464174454828663,0.55,260.3738317757009,17056.0,164,157,0,0,
e2670654203c6b5aa850edf95ea9e293939963fd,6,105,6186.720588235294,100.0,1,118,527,0.023223651960784315,0.5279999999999999,285.3392156862745,5892.0,0.045919117647058826,0.54,374.20588235294116,5892.0,239,33,0,0,
e299749491b5a979701f0dedd4467ed53aaf7c7c,6,102,6391.082901554404,91.19170984455958,1,105,771,0.0655511844759186,0.7603333333333334,259.49139728556145,2521.2631578947367,0.09761658031088083,1.05,336.4145077720207,3424.0,169,24,0,0,
e2d88e3ad6275b7eca2bff120e467f9158b29fc5,4,50,6015.873134328358,100.0,1,50,217,0.000955223880597015,0.053000000000000005,44.44776119402985,1988.0,0.008208955223880599,0.53,74.05970149253731,1988.0,102,32,0,0,
e2ed5ffddf1e60198f9f138810f84b7107ca0561,4,16,5685.216216216216,100.0,1,16,86,0.0014594594594594596,0.054000000000000006,5.3621621621621625,198.4,0.014594594594594595,0.54,53.62162162162162,1984.0,28,9,0,0,
e3919de46ecd1f707451dad4a1ac88e5b7403f11,10,47,5564.31914893617,100.0,1,47,265,0.017484685527238718,0.6038461538461539,77.11947626841244,1984.0,0.021382978723404254,0.94,84.42553191489361,1984.0,77,17,0,0,
e3b9460f9a4bd3f4a5243f388246084f41e0dab2,6,48,5931.24203821656,100.0,1,48,520,0.01825826508947528,0.529,139.7958254060165,1984.0,0.06751592356687898,0.54,545.7579617834394,10044.0,141,16,0,0,
e3c9abe5680cb3851ac38d00a01c46f58b6aaaeb,6,28,4687.254901960784,100.0,1,28,467,0.030495726495726492,0.5769230769230769,119.07933634992459,1984.0,0.04833333333333333,0.98,157.5686274509804,2184.0,85,17,0,0,
e40337a34c269120bffcc76e69700d06f6d716ce,11,41,4514.333333333333,94.3452380952381,1,42,585,0.020632936507936506,0.6066666666666666,121.55328798185941,2140.0,0.03285714285714286,1.04,149.61904761904762,2140.0,73,11,0,0,
e45204eccdaf94faa580c54b1fe1289c97b1f56c,2,3,3636.3636363636365,100.0,1,3,0,0.0,0.0,541.0909090909091,1984.0,0.0,0.0,541.0909090909091,1984.0,7,4,0,0,
e460fd665c3f541f48ac4503abf2e90b9bbb3b94,14,87,6143.271356783919,100.0,1,87,425,0.01542713567839196,0.7540000000000002,203.26097152428812,9039.6,0.02733668341708543,1.09,229.90954773869348,10044.0,173,26,0,0,
e4935a868e50ec1951f892af50e2f5886c935919,3,8,3888.8888888888887,100.0,1,8,69,0.06739316239316238,0.6065384615384615,144.13675213675214,1297.2307692307693,0.10444444444444444,0.94,220.44444444444446,1984.0,8,1,0,0,
e58eaf39ea458008043bd1472f267706524f1fc2,1,2,0.0,100.0,1,2,38,0.1755263157894737,0.3542105263157895,904.9473684210526,1809.8947368421052,0.27,0.54,1322.0,2644.0,2,2,0,0,
e594aa5283c8b2076ece870504b4b6b2e9c29ca9,5,42,6638.651785714285,100.0,1,42,279,0.005178571428571429,0.054000000000000006,19.485714285714288,198.4,0.05178571428571429,0.54,194.85714285714286,1984.0,97,15,0,0,
e621f4d6991a537e4508648aa4c3fc278091ec1d,7,113,5363.575829383886,100.0,1,116,2044,0.0345772238425082,1.0233333333333332,157.78373556932797,3457.866666666667,0.07860189573459717,1.05,314.8815165876777,4772.0,348,74,0,0,
e63a9cdc387a31ea563ecc24b20eb824a8c54ebb,4,59,5510.951127819549,100.0,1,59,881,0.02149071542492595,0.44299999999999995,173.88006379585326,6026.4,0.03661654135338346,0.58,262.2706766917293,10044.0,225,41,0,0,
e659bb37740950badc7fac606f227ba5f74fa866,1,8,7520.636363636364,100.0,1,8,8,0.0,0.0,0.0,0.0,0.0,0.0,0.0,0.0,9,2,0,0,
e65a627881df5d3e0bfad77c56221d858da5ead0,10,52,4621.559633027523,100.0,2,56,892,0.01927626333792325,0.9359090909090909,178.26897338964758,11034.181818181818,0.047935779816513764,1.05,460.95412844036696,40332.0,174,44,0,0,
e67fff49031a4f2699f10d6a2dd89b4cafc70323,9,26,3141.509433962264,100.0,1,26,116,0.0,0.0,51.5,1984.0,0.0,0.0,74.94339622641509,1988.0,100,6,0,0,
e6900f649459ddbd9ee38b93582378162c8d77ac,2,14,7429.545454545455,100.0,1,14,98,0.0304513176881598,0.5354166666666668,1621.7892867366552,24278.0,0.06393939393939393,1.08,3875.6363636363635,57440.0,30,3,0,0,
e73e06dbdc983d0a3ccccdf754b85603dd0818e7,7,33,5323.548672566371,97.21238938053098,1,33,1076,0.0550153201290746,1.0248427672955978,1136.6996690833778,8000.0,0.11584070796460177,1.11,2256.7433628318586,18568.0,102,11,0,0,
e7b94e593e93b6fe31083393cff1d63ca2142b64,4,50,4081.157894736842,100.0,1,50,596,0.010490225563909775,0.5280000000000001,160.1612030075188,10044.0,0.029684210526315792,0.54,300.2526315789474,10044.0,141,49,0,0,
e7cef9ca74dbf2dc906e3216004a1b5e6a96e241,11,78,4330.210526315789,100.0,1,78,971,0.015935696190543837,0.5626923076923078,202.8066387290764,10044.0,0.04002923976608187,0.93,269.96491228070175,10044.0,250,92,0,0,
e7d0678e66dad824da63837b53bb0bb38a571f42,15,65,4774.80701754386,100.0,1,65,455,0.006940058479532164,0.27375,251.7840155945419,36108.666666666664,0.0464327485380117,1.04,505.2865497076023,52664.0,128,43,0,0,
e816ed48800359bfd078c1444a40e00be6fbb5bf,5,46,5190.633986928105,100.0,1,45,339,0.017660633484162896,0.6042307692307692,39.89944695827049,1297.2307692307693,0.03196078431372549,0.99,64.83660130718954,1984.0,105,48,0,0,
e8335df6f0ac481c6ac16096889c51cb95ab2f6c,9,65,6170.702312138728,98.36705202312139,2,67,3468,0.03210750701264828,0.750222222222222,897.5950122685715,17335.0,0.0911271676300578,1.06,1803.7803468208092,52652.0,305,40,1,0,
e85a79ca1bb1f59951efb5c25e40e0ee73985cdb,7,35,5339.011764705882,100.0,1,35,389,0.013133308195072902,0.6026923076923076,58.86663650075414,2053.1,0.02,0.94,88.47058823529412,3552.0,75,10,0,0,
e85a95e2eddbdafe7db54351ce3680933e09d0a3,10,96,6099.201086956522,100.0,1,96,322,0.0,0.0,0.718840579710145,132.26666666666668,0.0,0.0,10.782608695652174,1984.0,145,39,0,0,
e873b044ecba72370076d7fe198eeaad94bef3a1,3,13,813.3333333333334,100.0,1,13,339,0.0,0.0,0.0,0.0,0.0,0.0,0.0,0.0,40,35,0,0,
e89a4f1825ece62064e95e63475769011258af36,11,65,6786.717277486911,100.0,1,76,592,0.00910923925550889,0.6092307692307692,222.19022176194952,7533.0,0.015602094240837696,0.97,329.0680628272251,10044.0,177,14,0,0,
e90cd427d5e229999107e56e3f06953f3108635a,6,48,5896.2336448598135,100.0,1,48,324,0.01566118927801171,0.5700000000000001,83.03923864297697,1984.0,0.034205607476635515,0.94,168.33644859813083,2140.0,92,15,0,0,
e92f3d3e5a00b7767c239cac14b6d9fe92d5ef9b,5,65,5748.530612244898,100.0,1,65,505,0.002231292517006802,0.43733333333333324,65.17823129251701,2188.0,0.0030102040816326527,0.59,103.3061224489796,2188.0,159,37,0,0,
e95d7442ab6fb642a8c3529ef2fc8aa25a774e13,10,63,5396.80198019802,88.61386138613861,1,77,1125,0.03110030448816501,0.6203846153846155,224.432435637257,5545.2,0.05366336633663366,1.04,898.3168316831683,119176.0,172,30,0,0,
e99d4fb3ef87d5e201da3b08841541fd953af089,7,39,5831.0625,100.0,1,40,524,0.035474072802197804,0.6023076923076923,183.92380952380952,1984.0,0.060390625,0.95,263.4375,2644.0,118,10,0,0,
e9a8e1a87eb55c0dc1787fcaed22be98d9cc1ed0,6,72,5813.324468085107,100.0,1,72,544,0.011182624113475176,0.921,54.14107027724049,1785.6,0.014148936170212767,1.04,137.19148936170214,1984.0,159,29,0,0,
ea0a8f0b0b712337c3740e6ad5293f3dc47db568,6,48,4753.375939849624,100.0,1,48,343,0.05968642760748024,0.5711538461538461,357.48443269345523,2188.0,0.08030075187969925,0.94,451.09774436090225,2188.0,97,36,0,0,
ea2f8736bbf1d859fb5b46f848db37f421181bd4,5,20,3866.5510204081634,100.0,2,20,84,0.0,0.0,0.0,0.0,0.0,0.0,0.0,0.0,27,21,1,0,
ea385e57f5d3d6841a6997dd7af680e135928bca,6,109,5357.358139534884,100.0,1,112,423,0.004990161001788908,0.5353846153846153,24.582122838401904,2212.5,0.010046511627906977,0.94,44.2046511627907,3552.0,143,72,0,0,
ea55b410ce0e38664c6597e4bfa09fce84399461,10,59,2891.3933333333334,100.0,1,60,1636,0.01694679249762583,1.0237500000000002,110.67412345679011,1987.6,0.0336,1.04,173.34666666666666,2188.0,211,89,0,0,
ea7332c6a62cada8a8e85200ddb71fed941ce876,6,42,5271.638655462185,100.0,1,45,477,0.017134361436882444,0.6038461538461538,57.421479360975155,1564.6153846153845,0.04655462184873949,0.94,166.6890756302521,2644.0,102,17,0,0,
ea79d40b446a3660b4d0b01e53fc4a14bc18f60e,1,2,1007.8,100.0,1,2,74,0.08545614035087719,0.6053846153846154,767.8963562753036,1461.8947368421052,0.19066666666666668,0.95,1190.4,1984.0,9,6,0,0,
ea8f19a7914d05412dc4159108d93d42a675e2e8,1,5,6806.166666666667,100.0,1,5,175,0.06429477225672878,0.4634782608695652,1697.7186680469288,3198.5142857142855,0.1627777777777778,1.04,2823.3333333333335,5892.0,18,0,0,0,
eaad1484ffa24b01432fa3564a8635bda0b4c34c,4,28,6057.4915254237285,100.0,1,28,512,0.02259318929657913,0.6300000000000001,887.3709691438505,16157.142857142857,0.04305084745762712,1.04,2089.0169491525426,45240.0,54,5,0,0,
eadbb37222d32232022838b7765dea96bf38e0f6,6,36,4287.0213903743315,100.0,1,36,624,0.020181818181818183,0.53,121.4802139037433,1984.0,0.025989304812834225,0.55,159.14438502673798,1984.0,137,50,0,0,
eaf60b6a377c720fa7a13f97831f38531047a217,7,52,6033.363636363636,100.0,2,54,989,0.0335162439899282,0.9242307692307693,324.8655368023789,11113.846153846154,0.06454545454545454,0.94,414.14354066985646,11932.0,190,19,0,0,
eaffaa19471bbf9bba8fa5808dd0904474089ae7,6,109,5006.754098360656,100.0,1,112,1333,0.03172196343859107,0.529,452.7672817424574,10044.0,0.07213114754098361,0.58,600.6370023419204,10044.0,379,48,0,0,
eb001120a0f842e5bbfd786652695628bd65090c,6,45,6804.757575757576,95.3030303030303,2,45,521,0.02116514087764088,0.526,684.3669937469938,21024.0,0.048888888888888885,1.04,924.040404040404,21024.0,89,10,0,0,
eb2a090421ba380ba6c0a8119510e031bc4e55ea,9,77,5463.679012345679,90.12345679012346,1,94,1329,0.05218821929657853,1.0234782608695654,257.0850346510923,2641.5652173913045,0.11510288065843621,1.1,414.9794238683128,4336.0,198,45,0,0,
eb451c65ea210bed6af798282c2c6205c79f71fd,14,100,6662.2129963898915,100.0,1,100,617,0.007651022864019255,0.5250000000000001,62.431768953068584,2128.0,0.011660649819494587,0.54,94.68592057761732,2128.0,246,31,0,0,
eb46bad8df84ccc42fb7bc9cc3a218247777367e,11,83,4317.243801652892,100.0,1,83,708,0.0016983471074380164,0.40499999999999997,206.0694214876033,35856.8,0.0021900826446280995,0.5,256.8429752066116,48144.0,172,70,0,0,
eb7470e41cb0d50314e9755be518f55b093a4975,8,47,4287.166666666667,89.78494623655914,1,60,1048,0.05711290322580645,0.71775,239.69606898477866,2946.2,0.10844086021505377,1.17,452.83870967741933,5116.0,148,38,0,0,
eb83b2280e41f55da33ed81e62d7b8ebba9a93f8,5,91,4176.942307692308,100.0,1,90,877,0.019622863247863248,0.5309999999999999,361.15982905982906,10044.0,0.03955128205128205,0.55,607.3076923076923,10044.0,226,86,0,0,
eb870373b64f0be961f503936f7a725fca60fb32,4,64,4333.041152263375,100.0,1,64,830,0.012650891632373115,0.5270000000000001,158.32537722908094,10044.0,0.022139917695473254,0.54,188.80658436213992,10044.0,181,62,0,0,
ebdfeac0c48444c5f4fd377145b2d97e12c78cac,1,10,9636.363636363636,100.0,1,10,4,0.0,0.0,0.0,0.0,0.0,0.0,0.0,0.0,11,0,0,0,
ebe0702c8a0d906044fbc61cf18d3f8dc9aacef9,17,108,5253.401554404145,100.0,1,115,1545,0.036069367851090155,0.8099999999999998,182.71505850812417,2829.2,0.06487046632124353,1.11,385.9481865284974,10044.0,316,69,0,1,
ec62a3c21a4a116991338ac88863dff35157a1a7,4,16,3666.1951219512193,100.0,1,16,211,0.02552779697837464,0.6076923076923078,228.29189295941543,1896.2105263157894,0.04341463414634147,1.05,347.7073170731707,2768.0,33,8,0,0,
ec7d2ce8cce8253208e8d0ae74991b46ce2eadf0,10,66,6465.641025641025,100.0,1,68,257,0.004568047337278106,0.6096153846153846,36.29506903353057,1984.0,0.013076923076923078,1.01,63.58974358974359,1984.0,126,30,0,0,
ecd66b9bbdcc6ae1eb9a6b765868cba3601730b6,4,56,6124.895833333333,100.0,1,56,327,0.0007430555555555556,0.054000000000000006,30.311111111111114,1984.0,0.007430555555555556,0.54,55.111111111111114,1984.0,120,24,0,0,
ece9b75bda9d53b5a67f7bb53b5635a3df017020,6,35,5442.714285714285,100.0,1,35,305,0.023054945054945056,0.6073076923076923,51.13606393606394,1297.2307692307693,0.043376623376623374,0.95,103.06493506493507,1984.0,63,14,0,0,
ed3e0c98995edeee0b0a55fe15929a82097e93fe,7,51,5609.269076305221,100.0,1,54,913,0.012419347720552542,0.5711538461538462,126.47115936272563,1984.0,0.056626506024096385,0.95,379.2289156626506,2644.0,208,41,0,0,
ed6c052a16794cf2376b1497c505b438e9af69b6,4,35,5546.0526315789475,100.0,1,35,522,0.006486842105263159,0.52,93.48947368421052,10044.0,0.027960526315789474,0.56,170.5,10044.0,133,19,0,0,
ed8ffb58d172827f17d1abead83d9b8c44b554df,3,4,0.0,100.0,1,2,0,0.0,0.0,0.0,0.0,0.0,0.0,0.0,0.0,0,5,0,0,
ed9eaeb6a707f50154024b24d7efcb874a9795dd,5,58,5305.553956834532,100.0,1,58,426,0.026272363927040184,0.5336363636363637,156.2142286171063,1984.0,0.03129496402877698,0.55,171.28057553956833,1984.0,105,34,0,0,
eda32ee9ebe79ae7f85927db19cadc6199752dfd,11,101,4140.590909090909,100.0,1,101,1673,0.01197651023219205,0.5208333333333334,77.2517217630854,2062.3,0.02615702479338843,1.04,129.89256198347107,3552.0,346,138,0,0,
edc5737211dd036ad81985e117aea3ab9cbc030a,7,41,5427.684210526316,100.0,1,41,445,0.013851294903926484,0.5542857142857144,845.6073517126148,56266.74285714285,0.025,1.04,1497.2280701754387,124840.0,100,14,0,0,
edc641c842df448a70ce315e00b6dd4461a260a9,12,106,5102.156695156696,100.0,1,106,1263,0.01568702759934644,0.532,195.90783609305348,10044.0,0.05321937321937322,1.05,345.43589743589746,10044.0,275,76,0,0,
edcb11b4746d7b8056929a37a11e81b0fe3202c9,10,106,5627.80808080808,100.0,1,105,744,0.00017845117845117847,0.053000000000000005,10.743434343434345,1988.0,0.0017845117845117847,0.53,47.19191919191919,10044.0,230,67,0,0,
edd78ffaa7bc16d94ee6908b98b3d9863f492c89,6,91,6235.270531400966,100.0,1,94,415,2.229654403567447e-05,0.004615384615384615,29.548866592344854,1984.0,0.0002898550724637681,0.06,39.091787439613526,2140.0,171,36,0,0,
ededd47b1e0c18d4af4ad2b0cc21eebcb7c6e6b9,6,43,5672.451612903225,100.0,1,45,449,0.04908015774548032,0.5438461538461538,376.1154791445114,10044.0,0.08685483870967742,0.95,525.5806451612904,10044.0,106,18,0,0,
ee30201b0b1261fcb6cf010787990ec87343d300,1,1,10000.0,100.0,1,1,0,0.0,0.0,0.0,0.0,0.0,0.0,0.0,0.0,1,0,0,0,
eee2c3c453eb64f9c327f09e83be35ef36528101,7,80,3701.529411764706,100.0,1,80,819,0.012288931227011723,0.6073076923076923,68.34736312878728,2128.0,0.02186274509803922,0.94,100.81045751633987,2644.0,186,120,0,0,
ef02ce9a2a904477907fe9135cdcbf1652180d31,14,64,3474.8897849462364,100.0,2,65,2370,0.06339747740818617,0.9253846153846155,849.8974151940554,84723.42857142857,0.11024193548387098,1.12,1301.215053763441,166208.0,277,95,0,0,
ef070fa973803bec505aeb6230acdd7a917e2a59,13,90,5334.8674698795185,100.0,1,91,939,0.015646872454854382,0.605,197.0910698739012,31700.923076923078,0.04704819277108434,0.99,385.8313253012048,53164.0,262,70,0,0,
ef5d4cc5cd7a9d46f3e31572d97bd52423bae4e0,6,25,4976.5875,100.0,1,26,201,0.007572115384615384,0.6057692307692307,90.46538461538462,1980.0,0.012125,0.97,99.05,1984.0,60,20,0,0,
efcf2fbf26e74d0af378d96a168c8cdc05c42a84,11,102,7447.511111111111,100.0,1,102,372,0.0029403174603174604,0.526,30.88036940836941,1984.0,0.007333333333333334,0.54,94.68444444444444,3428.0,204,21,0,0,
f01795183fd859bc35b074c06fd58b5e6623fb03,4,21,3989.1917808219177,100.0,1,21,237,0.0042876712328767125,0.313,35.33150684931507,1388.8,0.00726027397260274,0.53,54.35616438356164,1984.0,50,23,0,0,
f01bb96987327c1dfec6ddbc980cfd85650f20d6,4,63,5196.726643598616,100.0,1,63,1145,0.054116878123798534,0.5316666666666666,294.64359861591697,2188.0,0.07861591695501731,0.63,308.37370242214536,2188.0,238,51,0,0,
f037357014544261767c6ab5b172b246b09d3ddb,7,41,4697.072,100.0,1,44,411,0.0016640000000000001,0.054000000000000006,6.3488,198.4,0.016640000000000002,0.54,63.488,1984.0,94,31,0,0,
f05838da14ca1dad97a5cc0c58323c6df9153257,10,44,5938.642201834862,90.8256880733945,1,44,350,0.024084316295325467,0.5696153846153845,284.86718419195483,1984.0,0.06972477064220184,0.94,528.5137614678899,2020.0,97,12,0,0,
f0be3049c99eb84be5aae5352c2f0ccf661e1f43,4,61,5490.486486486487,100.0,1,61,363,0.005500102375102375,0.4758333333333333,36.56019656019656,1984.0,0.0072297297297297305,0.54,67.02702702702703,1984.0,113,35,0,0,
f0cbea39c26f2cf588e04885ddc1a439564bd782,6,62,4437.057416267942,100.0,1,63,604,0.010972299168975068,0.41166666666666657,67.12331066901704,2729.2631578947367,0.015598086124401915,0.55,89.8755980861244,3704.0,145,64,0,0,
f0d74f349e6479eaecf425634f8b0dd51e60d60c,6,61,5362.0,100.0,1,61,799,0.009868995633187772,0.5272222222222221,59.680931586608445,2184.0,0.011877729257641922,0.54,91.03930131004367,4376.0,190,39,0,0,
f126cb73dbad037e40b322f82b6f40e92a15a595,8,43,4508.949367088608,100.0,1,43,383,0.015663420967218438,0.6061538461538462,71.81616358325219,1851.7333333333333,0.049873417721518994,0.94,276.253164556962,1984.0,107,51,0,0,
f1299639d65fd743440958354f22154e171500d0,2,21,5215.926605504587,100.0,1,21,404,0.0,0.0,0.0,0.0,0.0,0.0,0.0,0.0,90,19,0,0,
f1302a0b13ef669e0d797c1d4106355cc43f7144,8,63,5626.285714285715,100.0,1,63,938,0.08263460613460613,0.605,568.288000888001,5958.7692307692305,0.167012987012987,0.94,1258.2337662337663,11500.0,205,26,0,0,
f156718d3970030deec27298f56fc78a00c00f5a,8,50,5146.310606060606,100.0,1,50,484,0.02033331556357872,0.6046153846153846,477.2428220901905,21516.0,0.048257575757575756,0.95,600.6969696969697,21516.0,108,24,0,0,
f18c98fe93f825e2c01296bad47dc072ff70eef1,8,55,5130.137055837564,100.0,1,60,781,0.029911257791100165,1.0266666666666664,750.8380194136334,42846.833333333336,0.07091370558375634,1.04,1192.0,60464.0,172,25,0,0,
f1fb0a22c3c46fe87eaf8bdd97d80ed51436f782,5,41,5279.450819672131,100.0,1,51,295,0.0,0.0,3.137704918032787,382.8,0.0,0.0,16.262295081967213,1984.0,93,29,0,0,
f2418c1ba0f63cb975e6d8c26ce4a145b11ad924,1,1,0.0,100.0,1,1,2,0.0,0.0,0.0,0.0,0.0,0.0,0.0,0.0,1,0,0,0,
f2c6f4d1250f2570b4dc5edfa7d0952ec4b7194f,19,111,5273.958208955224,100.0,2,111,922,0.03926653574234093,0.8150000000000001,466.20180451127817,11864.57142857143,0.07349253731343283,1.16,644.7283582089552,12012.0,283,52,0,0,
f2d54f193cc71d429fd5803b2e4721d012afe568,6,98,6898.554502369669,100.0,1,98,500,0.02117907464614873,0.6038461538461539,191.67181533856512,10044.0,0.0314218009478673,0.95,300.09478672985784,10044.0,182,29,0,0,
f2efe01b5b7d2613529468857009a02a3cc820b6,11,51,5016.870689655172,100.0,1,50,280,0.0113381542311551,0.4673913043478261,183.67145900733846,2128.0,0.02060344827586207,1.04,256.37931034482756,3428.0,87,29,0,0,
f35248e9e95942a05313dda4f3a677705d8c651b,7,76,6199.516339869281,100.0,1,77,425,0.030563671622495153,0.5700000000000001,200.70553498788792,10044.0,0.050980392156862744,0.94,336.44444444444446,10044.0,133,20,0,0,
f38238ea1bfa182b81a7d73d563b61dbf2825754,9,34,4618.421052631579,100.0,1,34,35,0.013421052631578948,0.51,52.31578947368421,1988.0,0.013421052631578948,0.51,52.31578947368421,1988.0,60,16,0,0,
f382c8f54d9fc494b6d8cc0751f694f0acbddca2,4,50,6080.990783410139,100.0,1,50,547,0.007294930875576038,0.4280000000000001,28.342857142857145,1587.2,0.055760368663594476,0.55,210.28571428571428,1984.0,181,36,0,0,
f3a603f5ad05ee8b8374af6523467f1ee058959e,7,94,3824.5474308300395,100.0,1,94,2264,0.039131088210035574,0.5707692307692308,251.36383372538978,2242.5263157894738,0.06351778656126482,0.96,376.57707509881425,10044.0,396,110,0,0,
f3a7769633f8060ffee4a0295c55ec9be084e3c0,6,111,5517.958199356914,100.0,1,115,687,0.008193137159375101,0.5266666666666667,111.92501217967455,10044.0,0.013729903536977494,0.54,128.38585209003216,10044.0,242,68,0,1,
f3d6d22e76fc586bffc4f5ac1d73f096f03efa0f,12,93,5244.9473684210525,100.0,1,94,700,0.008307671651656615,0.5250000000000001,66.4906882591093,1984.0,0.013947368421052632,0.94,113.35338345864662,2376.0,206,60,0,0,
f408354e704d901dac2f283fc8242d2787ee4813,11,105,6354.628676470588,100.0,1,105,692,0.008651437477164778,0.71075,45.42620798319328,2230.5,0.02389705882352941,1.04,135.30882352941177,3580.0,228,44,0,0,
f42621bb38f167d2de3d662cbe897f5fd1234aa3,14,93,4020.9659574468087,100.0,1,94,2394,0.021954248729417383,0.5280487804878049,196.74775503335084,10248.0,0.05563829787234043,0.64,377.4212765957447,10248.0,378,92,0,0,
f4367a0ab2083a66a5fa812df89e590d3fd3b5a8,5,32,4237.030303030303,100.0,1,34,309,0.005870370370370371,0.26416666666666666,131.84915824915825,10044.0,0.03747474747474747,0.54,241.73737373737373,10044.0,73,26,0,0,
f440f5463ae218aef17a60e9f2ffc7dbbc45dc54,5,59,5566.811188811189,100.0,1,59,480,0.012385281385281383,0.4433333333333333,145.96190476190475,10044.0,0.02034965034965035,0.68,239.020979020979,10044.0,115,28,0,0,
f459440c7a99294ca9763f332cd9aa09b0c280d6,7,24,4329.220779220779,100.0,1,25,339,0.04783420302419019,0.37631578947368416,575.1507460447126,2128.0,0.08896103896103896,0.54,779.1688311688312,2768.0,64,13,0,0,
f492b1eb37bae60ab4597c161e7b67d9cc9e4dc6,6,15,2797.530612244898,100.0,1,15,196,0.06456663637114765,0.6080769230769231,319.13376848715194,2522.1052631578946,0.11061224489795918,0.95,451.59183673469386,3428.0,42,7,0,0,
f4984561cc406867aa796356b6bf10a2091e67fe,4,32,7132.564516129032,100.0,1,32,145,0.0,0.0,0.0,0.0,0.0,0.0,0.0,0.0,57,5,0,0,
f4a045088bd0003226023c10214248049d9da90f,1,1,0.0,100.0,1,1,0,0.0,0.0,0.0,0.0,0.0,0.0,0.0,0.0,0,2,0,0,
f4c3f24024c2e96ed13a845b5ad7213143844d9f,5,21,6486.476190476191,99.04761904761905,1,21,272,0.05450933634762975,0.9825581395348836,388.9856281062296,3321.5238095238096,0.1280952380952381,1.04,656.3809523809524,5284.0,37,5,0,0,
f4d9301713b16c13c174f19e18d0200175494a79,6,85,4325.904017857143,100.0,1,90,1610,0.003325721153846154,0.46900000000000003,65.3445054945055,2128.0,0.011785714285714287,0.54,94.60714285714286,2128.0,373,75,0,0,
f5674c61e82766371ddd913c99e6b70414f4dd55,10,31,5954.666666666667,100.0,1,31,117,0.03036946809995812,0.541923076923077,155.34460421611055,1600.2105263157894,0.07,1.13,285.46666666666664,2924.0,56,4,0,0,
f59fe9b15a7762aa5ffb0653396da3f4f2536553,10,60,4430.372727272727,81.81818181818181,1,75,1412,0.04817347915242652,0.8028571428571427,838.437577510209,15763.7,0.10522727272727274,1.07,1575.4363636363637,26984.0,183,37,0,0,
f5a2b63a98287f49a07f6101717dd4c1048b9903,9,80,5907.402777777777,100.0,1,81,229,0.003701388888888889,0.533,13.777777777777779,1984.0,0.004166666666666667,0.6,13.777777777777779,1984.0,111,33,0,0,
f5ede5df58c2ea59be6b8c8097659bb8c2e9d0e9,9,113,6573.534653465346,99.5049504950495,1,119,353,0.005575907590759076,0.519,21.28052805280528,1984.0,0.01301980198019802,0.55,49.10891089108911,1984.0,164,38,0,0,
f639cf4aa4008b2bf51b274cc01dede03666150e,1,5,4925.285714285715,100.0,1,5,49,0.009752506265664162,0.06458333333333334,1010.3609022556391,3581.1666666666665,0.15285714285714286,1.06,1562.2857142857142,4780.0,7,0,0,0,
f679eb92d1581b842e213a6d2a8a74a0b9ede984,5,14,2380.9523809523807,100.0,1,14,7,0.02523809523809524,0.53,94.47619047619048,1984.0,0.02523809523809524,0.53,94.47619047619048,1984.0,11,10,0,0,
f6c974c003c063735fb1afcba0aec50acdb89861,4,58,4540.625,100.0,1,58,484,0.007121376811594202,0.4393333333333332,169.55652173913043,10044.0,0.00891304347826087,0.54,184.65217391304347,10044.0,129,55,0,0,
f6f5b15522aa9457158ec6d7a16caaacd6cbee42,6,112,4899.146616541353,100.0,1,116,640,0.0017969924812030076,0.31,9.401503759398498,1310.4,0.00387218045112782,0.52,15.669172932330827,2184.0,184,82,0,0,
f77371745c51f549f9a641110e52f255aaed0f10,5,60,5640.387434554974,100.0,1,60,440,0.007387434554973822,0.371,36.35602094240838,1388.8,0.041151832460732986,0.56,186.9738219895288,1984.0,150,41,0,0,
f78599d53dcb621a631b8dbc0feb5dd63e2aedd3,5,15,3437.5,100.0,1,15,30,0.0,0.0,0.0,0.0,0.0,0.0,0.0,0.0,42,6,0,0,
f7875ec1207504a229cd9b5ca132437c6bdd6a4d,9,47,4152.976190476191,95.83333333333333,1,61,734,0.00040306122448979597,0.03828571428571429,55.72658976634133,1864.3478260869565,0.0009523809523809524,0.09,82.0952380952381,2768.0,139,29,0,0,
f7b65fa8dfbc07f71d9e206d1e1fd35b986cab65,9,73,4438.704845814978,100.0,1,73,681,0.0005242290748898679,0.10800000000000001,8.740088105726873,1190.4,0.0028634361233480176,0.54,34.96035242290749,1984.0,168,59,0,0,
f7ce1b89f61b8a40a961d7fee02ea31d4b27583a,11,106,7082.368932038835,100.0,1,106,476,0.022631010557614607,0.9237500000000001,206.5368438020401,10044.0,0.039514563106796116,1.05,292.40776699029124,10044.0,190,16,0,0,
f7d331120e9b3a15cf4a0028849bf050846d5d6a,15,95,5245.126016260163,100.0,1,95,1099,0.02696765928843483,0.5703846153846155,137.4116084082207,1984.0,0.05780487804878049,1.04,240.71544715447155,2768.0,203,43,0,0,
f7e7c21b753521a3f4eb226d9c69d71214e183bd,4,61,5535.430379746836,100.0,1,61,604,0.019586497890295356,0.518,141.00421940928268,10044.0,0.023924050632911396,0.55,151.46835443037975,10044.0,129,29,0,0,
f8526194e3d9450a847706ea1c474c9e1a65a3a4,12,81,5746.880794701987,100.0,1,81,221,0.003152317880794702,0.476,9.372185430463576,1415.2,0.006887417218543046,1.04,17.509933774834437,2644.0,107,44,0,0,
f861873a2af44519d0c30b7b390257e28084c360,7,21,5000.0,100.0,1,21,12,0.0,0.0,389.9130434782609,2064.0,0.0,0.0,389.9130434782609,2064.0,44,2,0,0,
f86b9fba1d59be7c864d4f23d0c7674113a27cab,6,33,6186.148936170212,84.04255319148936,1,39,366,0.007802778222151124,0.153,270.52125259958405,1984.0,0.06191489361702128,1.04,468.0425531914894,3424.0,86,8,0,0,
f8da0aad0792d4f2d30881abdbfd4029dc264842,6,40,6056.2531645569625,100.0,1,40,200,0.0013164556962025318,0.053000000000000005,5.022784810126582,198.4,0.013164556962025316,0.53,50.22784810126582,1984.0,66,13,0,0,
f90fb4df43d85aad3ae9602aea19fdb4f47de984,12,82,4816.925714285714,100.0,1,85,1006,0.02133650628402508,0.9000000000000002,326.3489572282354,10044.0,0.05474285714285714,1.07,424.6742857142857,10044.0,282,68,0,0,
f91758fe4f441cd4b7b053a03252b4c50f3d4737,4,62,6251.161458333333,100.0,1,62,548,0.0057855902777777775,0.2966666666666667,42.0,2057.3333333333335,0.011197916666666669,0.54,45.416666666666664,2180.0,167,25,0,0,
f91b376092344f19705df8873d25aa4a34bafce6,5,107,5414.826865671642,100.0,1,107,674,0.001236318407960199,0.2308333333333333,29.38587064676617,2128.0,0.003313432835820896,0.54,36.39402985074627,2128.0,245,90,0,0,
f92e3ec921384713419dca56d1fe2be1d51f1b54,7,50,5006.2277992278,100.0,1,53,987,0.018417019059876204,0.528,259.3903658760802,9223.2,0.034247104247104254,0.55,453.74517374517376,10248.0,218,41,0,0,
f944b947ec651ccf64807b644af38c6f04229bb7,5,51,4860.403314917127,100.0,1,51,363,0.004254143646408841,0.05600000000000001,35.87182320441989,2128.0,0.040718232044198895,0.55,187.13812154696132,2128.0,125,56,0,0,
f947938c0e7c1345a488d9f17a74331ca6f478dc,11,109,4387.419729206963,100.0,1,109,2035,0.028132069413500747,0.8071428571428572,144.07614513146427,2017.6,0.04253384912959381,1.05,276.14700193423596,10044.0,403,114,0,0,
f9491b0ab4aee90c428545e0e315a3af1f827595,10,63,6178.4946236559135,89.24731182795699,1,79,502,0.032512748994073276,0.7778571428571429,163.1786462596236,1802.9473684210527,0.06860215053763441,1.1,270.23655913978496,3428.0,156,30,0,0,
f94ac320b67f53eb86a68cf30fcced221092e7fa,1,1,0.0,100.0,1,0,26,0.02980769230769231,0.05961538461538462,992.0,1984.0,0.045,0.09,992.0,1984.0,1,1,0,0,
f97b1dbd007f20fea2e262e62433e01ae91da602,8,77,1742.5594405594406,100.0,1,77,2638,0.0055085971720587115,0.6126923076923076,51.62328184635877,5022.0,0.013339160839160839,1.06,112.99300699300699,10044.0,330,242,0,0,
f9e06c04dc036b01f65e7f71a9201922f201dade,6,113,4254.3288590604025,100.0,1,118,2412,0.011699979923134285,0.5311111111111111,176.8442805516631,6389.6,0.01875838926174497,0.55,693.8926174496644,63896.0,492,104,0,0,
f9f4d4ef2a3de006bd037db9eb160ab8e51c79f2,10,76,4130.519305019305,97.97297297297297,2,76,6671,0.0598537170614089,1.0266666666666664,483.9502043651634,11109.951219512195,0.12972972972972974,1.11,1134.084942084942,26648.0,434,81,3,0,
faab34a8374299678ccf4eaa3628cdba3b65bfa6,6,31,4398.583333333333,100.0,2,32,525,0.023266666666666665,0.5700000000000001,68.04102564102564,1220.923076923077,0.057749999999999996,0.94,181.86666666666667,1984.0,92,27,1,0,
fab22b3c9fd685c26953a5ffe073c4aa2a788c7a,7,40,4132.570512820513,100.0,1,40,729,0.006653846153846155,0.5200000000000001,25.435897435897434,1984.0,0.006858974358974359,0.54,25.435897435897434,1984.0,129,27,0,0,
fb0a2834f5f131005e12dc1962056623ee6a7188,5,70,5955.706293706294,100.0,1,70,199,0.0,0.0,0.0,0.0,0.0,0.0,0.0,0.0,101,42,0,0,
fbf5d7997f35a05b4f296b7b70b08866c13db856,11,91,5765.902912621359,100.0,1,91,613,0.01580563853622106,0.6134615384615384,68.90952025320958,1984.0,0.030922330097087378,0.98,99.51456310679612,2644.0,171,35,0,0,
fc4d0cb084cf3b98bbe820a9fc36fd437940969e,4,28,4779.878260869566,100.0,1,28,287,0.0008,0.05,55.51304347826087,2128.0,0.0009565217391304348,0.06,55.51304347826087,2128.0,85,30,0,0,
fc83d8b4ec86934a2daa128311afedeb0ca5fd50,10,100,5645.401179941003,100.0,1,100,834,0.002720115184716955,0.2091666666666667,291.8808514985506,10044.0,0.013392330383480826,0.55,493.7227138643068,10044.0,295,44,0,0,
fcd6e54df612c033e7a465155046b5223ca4eee3,7,25,3910.4666666666667,90.66666666666667,1,25,239,0.003935238095238095,0.10800000000000001,34.74285714285714,1415.3142857142857,0.028800000000000003,0.54,141.06666666666666,2644.0,52,23,0,0,
fcdf51cf37b314ebc57038046b859b3172117f4f,7,46,5450.98773006135,100.0,1,47,1105,0.026718772706502768,0.5684615384615385,146.3485591436512,1984.0,0.04987730061349694,0.94,229.69325153374234,2644.0,144,19,0,0,
fd29d68d81bf469540c56ab7074ad748cd72203c,6,38,3244.4146341463415,100.0,1,38,629,0.00018118466898954703,0.037142857142857144,61.52473867595819,1842.2857142857142,0.0025365853658536586,0.52,164.5268292682927,1984.0,126,79,0,0,
fe31861a03511f91760de27adfb8803e8ad321b8,4,29,3739.542857142857,100.0,1,29,282,0.003782312925170068,0.22999999999999998,39.32879818594104,2310.8571428571427,0.010285714285714287,0.54,76.41904761904762,6040.0,67,38,0,0,
fe4316169ee8c83567ebc52bc629912ff65f14b6,15,96,5976.911646586345,100.0,1,96,708,0.006076108630325499,0.5988461538461538,116.9875265296952,2184.0,0.01610441767068273,0.94,216.44979919678715,2184.0,216,33,0,0,
fe516d090eef192c93197ed87878da0e23908140,5,59,6432.375,100.0,1,59,571,0.007006666666666665,0.524,96.15047619047618,2035.4285714285713,0.008150000000000001,0.55,100.24,2192.0,177,23,0,0,
fe659e147194c97b69278c8effb4041297398009,2,11,8000.0,100.0,1,11,10,0.0,0.0,0.0,0.0,0.0,0.0,0.0,0.0,13,2,0,0,
feb8a2859a011c59efd22ed419cb69288fe03627,9,34,5581.081081081081,100.0,1,34,32,0.0,0.0,0.0,0.0,0.0,0.0,0.0,0.0,71,3,0,0,
fef4a3263ed9a8ab14d457694bb8fd86ccd98312,6,77,6204.557692307692,100.0,1,78,657,0.0016846153846153844,0.43799999999999994,21.084009324009326,1653.3333333333333,0.002076923076923077,0.54,68.76923076923077,1988.0,216,44,0,0,
ff12d6e2ab80696ed8e22fbe5497e96c68d29076,6,100,4998.466819221968,100.0,1,103,1650,0.024375600372167877,0.6057692307692307,139.25781901800207,10044.0,0.0402745995423341,0.94,227.64302059496566,10044.0,360,77,0,0,
ff3fa2ec64294f37ae968159f810ebeda7966c51,7,34,4343.329787234043,100.0,1,34,448,0.02037831280328481,0.371578947368421,134.74236655468457,2336.6315789473683,0.04031914893617021,0.55,188.04255319148936,3548.0,74,20,0,0,
ffe872165621d735a48bb5db0c71dd5195cba359,10,96,6353.769423558897,100.0,1,96,902,0.005652069734776503,0.526,159.29687221717296,10044.0,0.035914786967418545,0.54,521.062656641604,10044.0,351,48,0,0,
